ticker,year,revenue,rd,ebit,sector,mktcap,pe,rev_growth,rd_intensity,op_margin,sector_pe,pe_premium,post_2022
ACN,2021,,,,Technology,108932022272,14.508197,,,,15.601779,-1.0935820000000014,0
ACN,2022,61594305000.0,,9367181000.0,Technology,108932022272,14.508197,,,0.15207868649544792,19.776415,-5.268218000000001,0
ACN,2023,64111745000.0,,9873035000.0,Technology,108932022272,14.508197,0.04087131107332076,,0.15399729020010297,19.776415,-5.268218000000001,1
ACN,2024,64896464000.0,,10034287000.0,Technology,108932022272,14.508197,0.012239863382286664,,0.15461993430027252,19.776415,-5.268218000000001,1
ACN,2025,69672977000.0,,10840988000.0,Technology,108932022272,14.508197,0.07360205326441216,,0.15559817402376822,19.776415,-5.268218000000001,1
ADBE,2022,17606000000.0,2987000000.0,6098000000.0,Technology,97206059008,14.006407,,0.16965807111212086,0.34635919572872886,19.776415,-5.770008000000001,0
ADBE,2023,19409000000.0,3473000000.0,6650000000.0,Technology,97206059008,14.006407,0.10240826990798602,0.17893760626513472,0.3426245556185275,19.776415,-5.770008000000001,1
ADBE,2024,21505000000.0,3944000000.0,7741000000.0,Technology,97206059008,14.006407,0.10799113813179462,0.183399209486166,0.3599627993489886,19.776415,-5.770008000000001,1
ADBE,2025,23769000000.0,4294000000.0,8706000000.0,Technology,97206059008,14.006407,0.10527784236224136,0.1806554756195044,0.36627540073204595,19.776415,-5.770008000000001,1
ADP,2022,16498300000.0,,3803200000.0,Technology,87281983488,20.368471,,,0.23052072031663867,19.776415,0.5920559999999995,0
ADP,2023,18012200000.0,,4507400000.0,Technology,87281983488,20.368471,0.09176096931198963,,0.25024150298131265,19.776415,0.5920559999999995,1
ADP,2024,19202600000.0,,4947000000.0,Technology,87281983488,20.368471,0.06608853998956254,,0.25762136377365563,19.776415,0.5920559999999995,1
ADP,2025,20560900000.0,,5411900000.0,Technology,87281983488,20.368471,0.07073521293991436,,0.2632131861932114,19.776415,0.5920559999999995,1
APP,2021,,,,Communication Services,172753534976,44.638885,,,,29.184553,15.454332,0
APP,2022,2817058000.0,507607000.0,-47791000.0,Communication Services,172753534976,44.638885,,0.1801904682118721,-0.01696486192332568,29.332317,15.306568000000002,0
APP,2023,1841762000.0,333781000.0,772411000.0,Communication Services,172753534976,44.638885,-0.3462108341397302,0.18122917076147732,0.4193869783392208,29.332317,15.306568000000002,1
APP,2024,3224058000.0,374710000.0,1910956000.0,Communication Services,172753534976,44.638885,0.7505291128821205,0.11622309524208312,0.5927176248069979,29.332317,15.306568000000002,1
APP,2025,5480717000.0,226510000.0,4151914000.0,Communication Services,172753534976,44.638885,0.6999436734698941,0.041328534204557545,0.757549422821868,29.332317,15.306568000000002,1
ARES,2021,,,,Financial Services,41323184128,57.732716,,,,14.6125775,43.1201385,0
ARES,2022,3055443000.0,,306358000.0,Financial Services,41323184128,57.732716,,,0.10026631162813379,14.859716,42.873000000000005,0
ARES,2023,3631884000.0,,834026000.0,Financial Services,41323184128,57.732716,0.18866036774372819,,0.2296400435696735,14.859716,42.873000000000005,1
ARES,2024,3884781000.0,,946090000.0,Financial Services,41323184128,57.732716,0.06963245522158745,,0.24353753789467153,14.859716,42.873000000000005,1
ARES,2025,5601482000.0,,892716000.0,Financial Services,41323184128,57.732716,0.4419041897085061,,0.15937139492727104,14.859716,42.873000000000005,1
BKR,2021,,,,Energy,66200743936,21.319489,,,,22.007812,-0.6883230000000005,0
BKR,2022,21156000000.0,,1890000000.0,Energy,66200743936,21.319489,,,0.08933635847986386,22.007812,-0.6883230000000005,0
BKR,2023,25506000000.0,651000000.0,2640000000.0,Energy,66200743936,21.319489,0.20561542824730572,0.025523406257351212,0.103505057633498,22.007812,-0.6883230000000005,1
BKR,2024,27829000000.0,643000000.0,3382000000.0,Energy,66200743936,21.319489,0.09107660942523332,0.023105393654101837,0.12152790254770204,22.007812,-0.6883230000000005,1
BKR,2025,27733000000.0,600000000.0,3557000000.0,Energy,66200743936,21.319489,-0.0034496388659311927,0.021634875419175713,0.12825875311001333,22.007812,-0.6883230000000005,1
CDW,2021,,,,Technology,13872746496,13.226552,,,,15.601779,-2.3752270000000006,0
CDW,2022,23748700000.0,,1735200000.0,Technology,13872746496,13.226552,,,0.07306505198179268,19.776415,-6.549863,0
CDW,2023,21376000000.0,,1680900000.0,Technology,13872746496,13.226552,-0.0999086265774548,,0.07863491766467066,19.776415,-6.549863,1
CDW,2024,20998700000.0,,1651300000.0,Technology,13872746496,13.226552,-0.017650636227544925,,0.0786382014124684,19.776415,-6.549863,1
CDW,2025,22424100000.0,,1655600000.0,Technology,13872746496,13.226552,0.06788039259573209,,0.07383127973920915,19.776415,-6.549863,1
CFG,2021,,,,Financial Services,26916435968,15.082939,,,,14.6125775,0.4703614999999992,0
CFG,2022,8021000000.0,,,Financial Services,26916435968,15.082939,,,,14.859716,0.22322299999999906,0
CFG,2023,8224000000.0,,,Financial Services,26916435968,15.082939,0.025308565016830764,,,14.859716,0.22322299999999906,1
CFG,2024,7809000000.0,,,Financial Services,26916435968,15.082939,-0.05046206225680938,,,14.859716,0.22322299999999906,1
CFG,2025,8247000000.0,,,Financial Services,26916435968,15.082939,0.05608912792931231,,,14.859716,0.22322299999999906,1
CRL,2022,3976060000.0,,650975000.0,Healthcare,7549327872,,,,0.16372363596122794,20.900101,,0
CRL,2023,4129409000.0,,617261000.0,Healthcare,7549327872,,0.03856807995855194,,0.14947925962286612,20.900101,,1
CRL,2024,4049989000.0,,442347000.0,Healthcare,7549327872,,-0.01923277640940868,,0.10922177813322456,20.900101,,1
CRL,2025,4015382000.0,,401136000.0,Healthcare,7549327872,,-0.008544961480142277,,0.09989983518380069,20.900101,,1
DHR,2021,,,,Healthcare,122309836800,33.42553,,,,20.124224,13.301306,0
DHR,2022,26643000000.0,1528000000.0,7536000000.0,Healthcare,122309836800,33.42553,,0.05735089892279398,0.2828510302893818,20.900101,12.525429000000003,0
DHR,2023,23890000000.0,1503000000.0,5202000000.0,Healthcare,122309836800,33.42553,-0.10332920466914386,0.0629133528673085,0.2177480117203851,20.900101,12.525429000000003,1
DHR,2024,23875000000.0,1584000000.0,4863000000.0,Healthcare,122309836800,33.42553,-0.0006278777731267837,0.06634554973821989,0.20368586387434556,20.900101,12.525429000000003,1
DHR,2025,24568000000.0,1598000000.0,4690000000.0,Healthcare,122309836800,33.42553,0.02902617801047125,0.06504395962227287,0.19089873005535657,20.900101,12.525429000000003,1
DVN,2021,,,,Energy,52045967360,12.573816,,,,22.007812,-9.433996,0
DVN,2022,19169000000.0,,7920000000.0,Energy,52045967360,12.573816,,,0.41316709270175805,22.007812,-9.433996,0
DVN,2023,15258000000.0,,4939000000.0,Energy,52045967360,12.573816,-0.2040273358025979,,0.3236990431249181,22.007812,-9.433996,1
DVN,2024,15940000000.0,,4182000000.0,Energy,52045967360,12.573816,0.044697863415912975,,0.26235884567126727,22.007812,-9.433996,1
DVN,2025,17188000000.0,,3856000000.0,Energy,52045967360,12.573816,0.07829360100376404,,0.22434256457993948,22.007812,-9.433996,1
DXCM,2021,,,,Healthcare,27786715136,30.90558,,,,20.124224,10.781355999999999,0
DXCM,2022,2909800000.0,484200000.0,391200000.0,Healthcare,27786715136,30.90558,,0.16640318922262698,0.13444222970650904,20.900101,10.005479000000001,0
DXCM,2023,3622300000.0,505800000.0,597700000.0,Healthcare,27786715136,30.90558,0.2448621898412262,0.13963503851144302,0.16500565938768186,20.900101,10.005479000000001,1
DXCM,2024,4033000000.0,552400000.0,600000000.0,Healthcare,27786715136,30.90558,0.11338100102145043,0.13696999752045624,0.14877262583684603,20.900101,10.005479000000001,1
DXCM,2025,4662000000.0,599100000.0,911800000.0,Healthcare,27786715136,30.90558,0.15596330275229353,0.12850707850707851,0.19558129558129558,20.900101,10.005479000000001,1
EFX,2022,5122200000.0,,1056000000.0,Industrials,19640518656,28.663733,,,0.2061614150169849,29.1709795,-0.5072465000000008,0
EFX,2023,5265200000.0,,933600000.0,Industrials,19640518656,28.663733,0.02791769161688329,,0.17731520170173973,29.1709795,-0.5072465000000008,1
EFX,2024,5681100000.0,,1042100000.0,Industrials,19640518656,28.663733,0.07899035174352353,,0.18343278590413828,29.1709795,-0.5072465000000008,1
EFX,2025,6074500000.0,,1095200000.0,Industrials,19640518656,28.663733,0.06924715284011906,,0.1802946744588032,29.1709795,-0.5072465000000008,1
EPAM,2021,,,,Technology,5208249344,14.3232765,,,,15.601779,-1.2785025,0
EPAM,2022,4824698000.0,,572966000.0,Technology,5208249344,14.3232765,,,0.11875686312386806,19.776415,-5.4531385,0
EPAM,2023,4690540000.0,,527161000.0,Technology,5208249344,14.3232765,-0.027806507267397862,,0.11238812588742447,19.776415,-5.4531385,1
EPAM,2024,4727940000.0,,544584000.0,Technology,5208249344,14.3232765,0.007973495588994073,,0.11518420284521377,19.776415,-5.4531385,1
EPAM,2025,5457056000.0,,520003000.0,Technology,5208249344,14.3232765,0.15421430898023236,,0.0952900245113849,19.776415,-5.4531385,1
FDS,2021,,,,Financial Services,8412676096,14.859716,,,,14.6125775,0.24713850000000015,0
FDS,2022,1843892000.0,,539754000.0,Financial Services,8412676096,14.859716,,,0.2927253873871138,14.859716,0.0,0
FDS,2023,2085508000.0,,629207000.0,Financial Services,8412676096,14.859716,0.13103587411844075,,0.3017044288489903,14.859716,0.0,1
FDS,2024,2203056000.0,,701299000.0,Financial Services,8412676096,14.859716,0.05636420478847359,,0.3183300833024671,14.859716,0.0,1
FDS,2025,2321748000.0,,748303000.0,Financial Services,8412676096,14.859716,0.0538760703313943,,0.3223015589977896,14.859716,0.0,1
FOX,2021,,,,Communication Services,24404420608,15.284211,,,,29.184553,-13.900342,0
FOX,2022,13974000000.0,,2574000000.0,Communication Services,24404420608,15.284211,,,0.18419922713610992,29.332317,-14.048105999999999,0
FOX,2023,14913000000.0,,2764000000.0,Communication Services,24404420608,15.284211,0.06719622155431515,,0.18534164822637966,29.332317,-14.048105999999999,1
FOX,2024,13980000000.0,,2478000000.0,Communication Services,24404420608,15.284211,-0.06256286461476568,,0.17725321888412018,29.332317,-14.048105999999999,1
FOX,2025,16300000000.0,,3229000000.0,Communication Services,24404420608,15.284211,0.1659513590844064,,0.19809815950920245,29.332317,-14.048105999999999,1
FOXA,2021,,,,Communication Services,27295301632,17.094736,,,,29.184553,-12.089817,0
FOXA,2022,13974000000.0,,2574000000.0,Communication Services,27295301632,17.094736,,,0.18419922713610992,29.332317,-12.237580999999999,0
FOXA,2023,14913000000.0,,2764000000.0,Communication Services,27295301632,17.094736,0.06719622155431515,,0.18534164822637966,29.332317,-12.237580999999999,1
FOXA,2024,13980000000.0,,2478000000.0,Communication Services,27295301632,17.094736,-0.06256286461476568,,0.17725321888412018,29.332317,-12.237580999999999,1
FOXA,2025,16300000000.0,,3229000000.0,Communication Services,27295301632,17.094736,0.1659513590844064,,0.19809815950920245,29.332317,-12.237580999999999,1
GD,2022,39407000000.0,,4211000000.0,Industrials,93201055744,21.689114,,,0.10685918745400563,29.1709795,-7.481865500000001,0
GD,2023,42272000000.0,,4245000000.0,Industrials,93201055744,21.689114,0.07270281929606415,,0.10042108251324754,29.1709795,-7.481865500000001,1
GD,2024,47716000000.0,,4796000000.0,Industrials,93201055744,21.689114,0.12878501135503417,,0.10051135887333389,29.1709795,-7.481865500000001,1
GD,2025,52550000000.0,,5356000000.0,Industrials,93201055744,21.689114,0.10130773744655874,,0.10192197906755471,29.1709795,-7.481865500000001,1
GDDY,2021,,,,Technology,11783151616,14.103011,,,,15.601779,-1.498768,0
GDDY,2022,4091300000.0,794000000.0,514500000.0,Technology,11783151616,14.103011,,0.19407034438931392,0.1257546501112116,19.776415,-5.673404,0
GDDY,2023,4254100000.0,839600000.0,638200000.0,Technology,11783151616,14.103011,0.039791753232468974,0.1973625443689617,0.15001998072447756,19.776415,-5.673404,1
GDDY,2024,4573200000.0,814400000.0,932900000.0,Technology,11783151616,14.103011,0.07500999036223877,0.1780809936149742,0.20399282777923555,19.776415,-5.673404,1
GDDY,2025,4951100000.0,841500000.0,1138400000.0,Technology,11783151616,14.103011,0.08263360447826473,0.1699622306154188,0.22992870271252852,19.776415,-5.673404,1
GEHC,2021,,,,Healthcare,29194954752,15.390887,,,,20.124224,-4.733337000000002,0
GEHC,2022,18341000000.0,1026000000.0,2522000000.0,Healthcare,29194954752,15.390887,,0.05594024317103757,0.1375061337985933,20.900101,-5.509214,0
GEHC,2023,19552000000.0,1205000000.0,2435000000.0,Healthcare,29194954752,15.390887,0.06602693419115635,0.06163052373158756,0.12453968903436989,20.900101,-5.509214,1
GEHC,2024,19672000000.0,1311000000.0,2625000000.0,Healthcare,29194954752,15.390887,0.006137479541734825,0.06664294428629525,0.13343838958926393,20.900101,-5.509214,1
GEHC,2025,20625000000.0,1260000000.0,2762000000.0,Healthcare,29194954752,15.390887,0.048444489629930976,0.06109090909090909,0.13391515151515151,20.900101,-5.509214,1
GOOG,2022,282836000000.0,39500000000.0,74842000000.0,Communication Services,4662507339776,29.332317,,0.13965690364734334,0.2646127084246701,29.332317,0.0,0
GOOG,2023,307394000000.0,45427000000.0,84293000000.0,Communication Services,4662507339776,29.332317,0.0868277022726951,0.14778102370247956,0.27421810445226646,29.332317,0.0,1
GOOG,2024,350018000000.0,49326000000.0,112390000000.0,Communication Services,4662507339776,29.332317,0.1386624332290156,0.14092418104211785,0.32109777211457696,29.332317,0.0,1
GOOG,2025,402836000000.0,61087000000.0,129039000000.0,Communication Services,4662507339776,29.332317,0.1509008108154437,0.15164235569810047,0.32032638592380025,29.332317,0.0,1
GOOGL,2022,282836000000.0,39500000000.0,74842000000.0,Communication Services,4711453818880,29.662853,,0.13965690364734334,0.2646127084246701,29.332317,0.3305359999999986,0
GOOGL,2023,307394000000.0,45427000000.0,84293000000.0,Communication Services,4711453818880,29.662853,0.0868277022726951,0.14778102370247956,0.27421810445226646,29.332317,0.3305359999999986,1
GOOGL,2024,350018000000.0,49326000000.0,112390000000.0,Communication Services,4711453818880,29.662853,0.1386624332290156,0.14092418104211785,0.32109777211457696,29.332317,0.3305359999999986,1
GOOGL,2025,402836000000.0,61087000000.0,129039000000.0,Communication Services,4711453818880,29.662853,0.1509008108154437,0.15164235569810047,0.32032638592380025,29.332317,0.3305359999999986,1
HAL,2021,,,,Energy,34318141440,22.696135,,,,22.007812,0.6883230000000005,0
HAL,2022,20297000000.0,,3073000000.0,Energy,34318141440,22.696135,,,0.15140168497807557,22.007812,0.6883230000000005,0
HAL,2023,23018000000.0,,4083000000.0,Energy,34318141440,22.696135,0.13405922057446906,,0.17738291771656964,22.007812,0.6883230000000005,1
HAL,2024,22944000000.0,,3938000000.0,Energy,34318141440,22.696135,-0.0032148753149708886,,0.17163528591352858,22.007812,0.6883230000000005,1
HAL,2025,22184000000.0,,3091000000.0,Energy,34318141440,22.696135,-0.03312412831241285,,0.13933465560764516,22.007812,0.6883230000000005,1
HPE,2021,,,,Technology,50500071424,,,,,15.601779,,0
HPE,2022,28496000000.0,2045000000.0,2227000000.0,Technology,50500071424,,,0.07176445816956765,0.07815131948343627,19.776415,,0
HPE,2023,29135000000.0,2349000000.0,2442000000.0,Technology,50500071424,,0.0224241998877035,0.08062467822206967,0.08381671529088724,19.776415,,1
HPE,2024,30127000000.0,2246000000.0,2494000000.0,Technology,50500071424,,0.03404839540072069,0.07455106714906894,0.08278288578351645,19.776415,,1
HPE,2025,34296000000.0,2518000000.0,1644000000.0,Technology,50500071424,,0.13838085438311154,0.07341964077443433,0.04793561931420574,19.776415,,1
INTC,2022,63054000000.0,17528000000.0,2336000000.0,Technology,620811517952,,,0.27798395026485234,0.03704760998509214,19.776415,,0
INTC,2023,54228000000.0,16046000000.0,31000000.0,Technology,620811517952,,-0.13997525930155108,0.2958987976691008,0.0005716603968429593,19.776415,,1
INTC,2024,53101000000.0,16546000000.0,-4708000000.0,Technology,620811517952,,-0.02078262152393595,0.31159488521873413,-0.0886612304853016,19.776415,,1
INTC,2025,52853000000.0,13774000000.0,-23000000.0,Technology,620811517952,,-0.004670345191239322,0.26060961534823,-0.0004351692429947212,19.776415,,1
INTU,2021,,,,Technology,83250987008,18.580587,,,,15.601779,2.978808000000001,0
INTU,2022,12726000000.0,2347000000.0,2559000000.0,Technology,83250987008,18.580587,,0.18442558541568443,0.20108439415370108,19.776415,-1.1958279999999988,0
INTU,2023,14368000000.0,2539000000.0,3141000000.0,Technology,83250987008,18.580587,0.1290271884331291,0.17671213808463251,0.2186108017817372,19.776415,-1.1958279999999988,1
INTU,2024,16285000000.0,2754000000.0,3853000000.0,Technology,83250987008,18.580587,0.13342149220489974,0.16911268038071844,0.23659809640773719,19.776415,-1.1958279999999988,1
INTU,2025,18831000000.0,2928000000.0,4938000000.0,Technology,83250987008,18.580587,0.1563401903592263,0.1554882905846742,0.2622271785884977,19.776415,-1.1958279999999988,1
IQV,2021,,,,Healthcare,27037800448,20.124224,,,,20.124224,0.0,0
IQV,2022,14410000000.0,,1827000000.0,Healthcare,27037800448,20.124224,,,0.12678695350451075,20.900101,-0.7758769999999977,0
IQV,2023,14984000000.0,,2061000000.0,Healthcare,27037800448,20.124224,0.039833448993754406,,0.13754671649759745,20.900101,-0.7758769999999977,1
IQV,2024,15405000000.0,,2269000000.0,Healthcare,27037800448,20.124224,0.02809663641217308,,0.14728984096072703,20.900101,-0.7758769999999977,1
IQV,2025,16310000000.0,,2287000000.0,Healthcare,27037800448,20.124224,0.058747160012982746,,0.14022072348252607,20.900101,-0.7758769999999977,1
IT,2021,,,,Technology,10571033600,15.601779,,,,15.601779,0.0,0
IT,2022,5475846000.0,,1109185000.0,Technology,10571033600,15.601779,,,0.20255956796447527,19.776415,-4.174636,0
IT,2023,5906956000.0,,1111071000.0,Technology,10571033600,15.601779,0.07872938720336542,,0.18809535740574332,19.776415,-4.174636,1
IT,2024,6267411000.0,,1157260000.0,Technology,10571033600,15.601779,0.06102212374698568,,0.18464721716830124,19.776415,-4.174636,1
IT,2025,6497226000.0,,1175711000.0,Technology,10571033600,15.601779,0.0366682510529468,,0.18095584177001078,19.776415,-4.174636,1
JKHY,2022,1942884000.0,121355000.0,474619000.0,Technology,9759536128,19.184359,,0.06246126891775319,0.24428581428433196,19.776415,-0.5920559999999995,0
JKHY,2023,2077702000.0,142678000.0,480688000.0,Technology,9759536128,19.184359,0.06939065842325132,0.06867106062370831,0.23135560345035044,19.776415,-0.5920559999999995,1
JKHY,2024,2215543000.0,148256000.0,489391000.0,Technology,9759536128,19.184359,0.06634300780381408,0.06691632705842315,0.22088986763064405,19.776415,-0.5920559999999995,1
JKHY,2025,2375288000.0,162771000.0,568715000.0,Technology,9759536128,19.184359,0.07210196326589013,0.06852684811273412,0.23942991334103486,19.776415,-0.5920559999999995,1
KEY,2021,,,,Financial Services,23603593216,13.355828,,,,14.6125775,-1.2567494999999997,0
KEY,2022,7026000000.0,,,Financial Services,23603593216,13.355828,,,,14.859716,-1.503888,0
KEY,2023,6215000000.0,,,Financial Services,23603593216,13.355828,-0.11542840876743521,,,14.859716,-1.503888,1
KEY,2024,4396000000.0,,,Financial Services,23603593216,13.355828,-0.29267900241351574,,,14.859716,-1.503888,1
KEY,2025,7285000000.0,,,Financial Services,23603593216,13.355828,0.6571883530482256,,,14.859716,-1.503888,1
LMT,2021,,,,Industrials,122867359744,25.76886,,,,31.013292999999997,-5.244432999999997,0
LMT,2022,65984000000.0,,8348000000.0,Industrials,122867359744,25.76886,,,0.12651551891367604,29.1709795,-3.4021195000000013,0
LMT,2023,67571000000.0,,8507000000.0,Industrials,122867359744,25.76886,0.024051285160038738,,0.12589720442201535,29.1709795,-3.4021195000000013,1
LMT,2024,71043000000.0,,7013000000.0,Industrials,122867359744,25.76886,0.05138298974412092,,0.09871486282955393,29.1709795,-3.4021195000000013,1
LMT,2025,75048000000.0,,7731000000.0,Industrials,122867359744,25.76886,0.0563743085173769,,0.10301407099456347,29.1709795,-3.4021195000000013,1
MDT,2022,31686000000.0,2746000000.0,5908000000.0,Healthcare,99629465600,21.675978,,0.08666287950514423,0.1864545856214101,20.900101,0.7758770000000013,0
MDT,2023,31227000000.0,2696000000.0,5830000000.0,Healthcare,99629465600,21.675978,-0.014485892823328905,0.08633554295961827,0.18669740929323983,20.900101,0.7758770000000013,1
MDT,2024,32364000000.0,2735000000.0,5520000000.0,Healthcare,99629465600,21.675978,0.03641079834758387,0.08450747744407366,0.17055988134964775,20.900101,0.7758770000000013,1
MDT,2025,33537000000.0,2732000000.0,6540000000.0,Healthcare,99629465600,21.675978,0.03624397478680019,0.08146226555744401,0.19500849807675105,20.900101,0.7758770000000013,1
META,2021,,,,Communication Services,1554378129408,22.275011,,,,29.184553,-6.909542000000002,0
META,2022,116609000000.0,35338000000.0,28944000000.0,Communication Services,1554378129408,22.275011,,0.3030469346276874,0.24821411726367604,29.332317,-7.0573060000000005,0
META,2023,134902000000.0,38483000000.0,46751000000.0,Communication Services,1554378129408,22.275011,0.15687468377226454,0.2852663414923426,0.3465552771641636,29.332317,-7.0573060000000005,1
META,2024,164501000000.0,43873000000.0,69380000000.0,Communication Services,1554378129408,22.275011,0.21941112807816054,0.2667035458751011,0.42176035404040096,29.332317,-7.0573060000000005,1
META,2025,200966000000.0,57372000000.0,83276000000.0,Communication Services,1554378129408,22.275011,0.22167038498246217,0.2854811261606441,0.41437855159579234,29.332317,-7.0573060000000005,1
MMM,2021,,,,Industrials,80337002496,29.678226,,,,31.013292999999997,-1.3350669999999987,0
MMM,2022,26161000000.0,1160000000.0,1916000000.0,Industrials,80337002496,29.678226,,0.04434081266006651,0.07323879056610985,29.1709795,0.5072464999999973,0
MMM,2023,24610000000.0,1154000000.0,-10725000000.0,Industrials,80337002496,29.678226,-0.05928672451358896,0.0468915075172694,-0.4357984559122308,29.1709795,0.5072464999999973,1
MMM,2024,24575000000.0,1085000000.0,4822000000.0,Industrials,80337002496,29.678226,-0.001422186103210099,0.044150559511698884,0.19621566632756868,29.1709795,0.5072464999999973,1
MMM,2025,24948000000.0,1169000000.0,4791000000.0,Industrials,80337002496,29.678226,0.015178026449643944,0.04685746352413019,0.19203944203944204,29.1709795,0.5072464999999973,1
MRNA,2021,,,,Healthcare,18660857856,,,,,20.124224,,0
MRNA,2022,18875000000.0,3295000000.0,9420000000.0,Healthcare,18660857856,,,0.17456953642384107,0.4990728476821192,20.900101,,0
MRNA,2023,6754000000.0,4845000000.0,-4239000000.0,Healthcare,18660857856,,-0.6421721854304636,0.7173526798933965,-0.6276280722534794,20.900101,,1
MRNA,2024,3199000000.0,4543000000.0,-3945000000.0,Healthcare,18660857856,,-0.5263547527391176,1.4201312910284465,-1.23319787433573,20.900101,,1
MRNA,2025,1922000000.0,3132000000.0,-3074000000.0,Healthcare,18660857856,,-0.3991872460143795,1.6295525494276795,-1.599375650364204,20.900101,,1
MSFT,2022,198270000000.0,24512000000.0,83383000000.0,Technology,3090451791872,24.74896,,0.12362939426035205,0.4205527815604983,19.776415,4.972545,0
MSFT,2023,211915000000.0,27195000000.0,88523000000.0,Technology,3090451791872,24.74896,0.06882029555656421,0.12832975485454073,0.417728806361041,19.776415,4.972545,1
MSFT,2024,245122000000.0,29510000000.0,109433000000.0,Technology,3090451791872,24.74896,0.1566996201307127,0.12038903076835208,0.44644299573273716,19.776415,4.972545,1
MSFT,2025,281724000000.0,32488000000.0,128528000000.0,Technology,3090451791872,24.74896,0.14932156232406713,0.11531853871164686,0.4562195624085985,19.776415,4.972545,1
NVDA,2022,,,,Technology,5204124106752,32.903522,,,,19.776415,13.127107000000002,0
NVDA,2023,26974000000.0,7339000000.0,5577000000.0,Technology,5204124106752,32.903522,,0.2720768147104619,0.20675465262845702,19.776415,13.127107000000002,1
NVDA,2024,60922000000.0,8675000000.0,32972000000.0,Technology,5204124106752,32.903522,1.2585452658115224,0.14239519385443683,0.5412166376678376,19.776415,13.127107000000002,1
NVDA,2025,130497000000.0,12914000000.0,81453000000.0,Technology,5204124106752,32.903522,1.1420340763599355,0.0989601293516326,0.6241752683969747,19.776415,13.127107000000002,1
NVDA,2026,215938000000.0,18497000000.0,130387000000.0,Technology,5204124106752,32.903522,0.6547353579009478,0.08565884652076058,0.6038168363141272,32.903522,0.0,1
NWS,2021,,,,Communication Services,16348721152,37.911392,,,,29.184553,8.726838999999998,0
NWS,2022,10385000000.0,,981000000.0,Communication Services,16348721152,37.911392,,,0.09446316803081367,29.332317,8.579075,0
NWS,2023,8012000000.0,,674000000.0,Communication Services,16348721152,37.911392,-0.22850264805007225,,0.08412381427858212,29.332317,8.579075,1
NWS,2024,8252000000.0,,801000000.0,Communication Services,16348721152,37.911392,0.029955067398901747,,0.09706737760542898,29.332317,8.579075,1
NWS,2025,8452000000.0,,956000000.0,Communication Services,16348721152,37.911392,0.02423654871546299,,0.11310932323710364,29.332317,8.579075,1
NWSA,2021,,,,Communication Services,14301719552,33.16456,,,,29.184553,3.9800070000000005,0
NWSA,2022,10385000000.0,,981000000.0,Communication Services,14301719552,33.16456,,,0.09446316803081367,29.332317,3.832243000000002,0
NWSA,2023,8012000000.0,,674000000.0,Communication Services,14301719552,33.16456,-0.22850264805007225,,0.08412381427858212,29.332317,3.832243000000002,1
NWSA,2024,8252000000.0,,801000000.0,Communication Services,14301719552,33.16456,0.029955067398901747,,0.09706737760542898,29.332317,3.832243000000002,1
NWSA,2025,8452000000.0,,956000000.0,Communication Services,14301719552,33.16456,0.02423654871546299,,0.11310932323710364,29.332317,3.832243000000002,1
NXPI,2021,,,,Technology,83989553152,31.834452,,,,15.601779,16.232673,0
NXPI,2022,13205000000.0,2148000000.0,3794000000.0,Technology,83989553152,31.834452,,0.1626656569481257,0.28731541082923134,19.776415,12.058036999999999,0
NXPI,2023,13276000000.0,2418000000.0,3676000000.0,Technology,83989553152,31.834452,0.005376751230594445,0.18213317264236215,0.2768906297077433,19.776415,12.058036999999999,1
NXPI,2024,12614000000.0,2347000000.0,3472000000.0,Technology,83989553152,31.834452,-0.049864416993070204,0.18606310448707786,0.27524972253052166,19.776415,12.058036999999999,1
NXPI,2025,12269000000.0,2360000000.0,3035000000.0,Technology,83989553152,31.834452,-0.027350562866656047,0.19235471513570787,0.2473714239139294,19.776415,12.058036999999999,1
PAYX,2022,4611700000.0,,1840000000.0,Technology,33965975552,20.927153,,,0.39898518984322484,19.776415,1.1507380000000005,0
PAYX,2023,5007100000.0,,2033100000.0,Technology,33965975552,20.927153,0.08573844786087559,,0.40604341834594876,19.776415,1.1507380000000005,1
PAYX,2024,5278300000.0,,2174100000.0,Technology,33965975552,20.927153,0.0541630884144515,,0.4118939810166152,19.776415,1.1507380000000005,1
PAYX,2025,5571700000.0,,2207700000.0,Technology,33965975552,20.927153,0.055586078851145304,,0.3962345424197283,19.776415,1.1507380000000005,1
PGR,2021,,,,Financial Services,115988135936,10.110885,,,,14.6125775,-4.501692500000001,0
PGR,2022,49587000000.0,,,Financial Services,115988135936,10.110885,,,,14.859716,-4.748831000000001,0
PGR,2023,62083000000.0,,,Financial Services,115988135936,10.110885,0.25200153265976977,,,14.859716,-4.748831000000001,1
PGR,2024,75343000000.0,,,Financial Services,115988135936,10.110885,0.21358503938276185,,,14.859716,-4.748831000000001,1
PGR,2025,87637000000.0,,,Financial Services,115988135936,10.110885,0.1631737520406673,,,14.859716,-4.748831000000001,1
QCOM,2021,,,,Technology,262256279552,26.7261,,,,15.601779,11.124320999999998,0
QCOM,2022,44200000000.0,8194000000.0,15860000000.0,Technology,262256279552,26.7261,,0.1853846153846154,0.3588235294117647,19.776415,6.949684999999999,0
QCOM,2023,35820000000.0,8818000000.0,8650000000.0,Technology,262256279552,26.7261,-0.18959276018099547,0.24617532104969292,0.24148520379676158,19.776415,6.949684999999999,1
QCOM,2024,38962000000.0,8893000000.0,10253000000.0,Technology,262256279552,26.7261,0.08771635957565604,0.22824803654843182,0.2631538422052256,19.776415,6.949684999999999,1
QCOM,2025,44284000000.0,9042000000.0,12394000000.0,Technology,262256279552,26.7261,0.13659463066577682,0.20418209737151116,0.2798753500135489,19.776415,6.949684999999999,1
RJF,2021,,,,Financial Services,29647558656,14.365439,,,,14.6125775,-0.24713850000000015,0
RJF,2022,10851000000.0,,,Financial Services,29647558656,14.365439,,,,14.859716,-0.4942770000000003,0
RJF,2023,11468000000.0,,,Financial Services,29647558656,14.365439,0.05686111879089495,,,14.859716,-0.4942770000000003,1
RJF,2024,12639000000.0,,,Financial Services,29647558656,14.365439,0.10211021974189038,,,14.859716,-0.4942770000000003,1
RJF,2025,13842000000.0,,,Financial Services,29647558656,14.365439,0.09518158082126749,,,14.859716,-0.4942770000000003,1
RMD,2021,,,,Healthcare,30168825856,20.036608,,,,20.124224,-0.08761600000000058,0
RMD,2022,3578127000.0,253575000.0,1002150000.0,Healthcare,30168825856,20.036608,,0.07086808265888829,0.28007669934577506,20.900101,-0.8634929999999983,0
RMD,2023,4222993000.0,287642000.0,1151997000.0,Healthcare,30168825856,20.036608,0.18022445821514999,0.06811330257947384,0.27279159591313556,20.900101,-0.8634929999999983,1
RMD,2024,4685297000.0,307525000.0,1384121000.0,Healthcare,30168825856,20.036608,0.10947306803492207,0.0656361805879115,0.2954179852419174,20.900101,-0.8634929999999983,1
RMD,2025,5146327000.0,331284000.0,1687394000.0,Healthcare,30168825856,20.036608,0.09839931171919303,0.06437290129445719,0.3278831679370549,20.900101,-0.8634929999999983,1
RTX,2021,,,,Industrials,241015930880,33.57786,,,,31.013292999999997,2.564567000000004,0
RTX,2022,67074000000.0,2711000000.0,5504000000.0,Industrials,241015930880,33.57786,,0.04041804574052539,0.08205862182067568,29.1709795,4.4068805,0
RTX,2023,68920000000.0,2805000000.0,3561000000.0,Industrials,241015930880,33.57786,0.027521841548140857,0.0406993615786419,0.05166860127684272,29.1709795,4.4068805,1
RTX,2024,80738000000.0,2934000000.0,6538000000.0,Industrials,241015930880,33.57786,0.1714741729541498,0.03633976566177017,0.08097797815155193,29.1709795,4.4068805,1
RTX,2025,88603000000.0,2807000000.0,9300000000.0,Industrials,241015930880,33.57786,0.09741385716762863,0.03168064286762299,0.10496258591695541,29.1709795,4.4068805,1
SLB,2021,,,,Energy,86683443200,25.541851,,,,22.007812,3.534039,0
SLB,2022,28091000000.0,634000000.0,4151000000.0,Energy,86683443200,25.541851,,0.022569506247552596,0.1477697483179666,22.007812,3.534039,0
SLB,2023,33135000000.0,711000000.0,5488000000.0,Energy,86683443200,25.541851,0.17955928945213762,0.02145767315527388,0.16562547155575674,22.007812,3.534039,1
SLB,2024,36289000000.0,749000000.0,6326000000.0,Energy,86683443200,25.541851,0.09518635883506876,0.020639863319463197,0.17432279754195487,22.007812,3.534039,1
SLB,2025,35708000000.0,709000000.0,5458000000.0,Energy,86683443200,25.541851,-0.016010361266499462,0.0198554945670438,0.15285090175870952,22.007812,3.534039,1
SWK,2021,,,,Industrials,12270107648,32.34836,,,,31.013292999999997,1.3350670000000022,0
SWK,2022,16947400000.0,,914100000.0,Industrials,12270107648,32.34836,,,0.053937477135135775,29.1709795,3.177380499999998,0
SWK,2023,15781100000.0,,641900000.0,Industrials,12270107648,32.34836,-0.06881881586556049,,0.04067523810127304,29.1709795,3.177380499999998,1
SWK,2024,15365700000.0,,1181700000.0,Industrials,12270107648,32.34836,-0.026322626432884855,,0.07690505476483336,29.1709795,3.177380499999998,1
SWK,2025,15130400000.0,,1255400000.0,Industrials,12270107648,32.34836,-0.015313327736451998,,0.08297202982075821,29.1709795,3.177380499999998,1
TKO,2021,,,,Communication Services,14100669440,69.92193,,,,29.184553,40.737377,0
TKO,2022,1140147000.0,,544387000.0,Communication Services,14100669440,69.92193,,,0.4774708875259068,29.332317,40.589613,0
TKO,2023,3224796000.0,,397309000.0,Communication Services,14100669440,69.92193,1.8284037058379314,,0.12320438254078708,29.332317,40.589613,1
TKO,2024,4884241000.0,,30946000.0,Communication Services,14100669440,69.92193,0.5145891399021829,,0.00633588719311762,29.332317,40.589613,1
TKO,2025,4735151000.0,,835015000.0,Communication Services,14100669440,69.92193,-0.030524701790923148,,0.17634390117654114,29.332317,40.589613,1
TRMB,2021,,,,Technology,13133503488,29.497383,,,,15.601779,13.895603999999999,0
TRMB,2022,3676300000.0,542100000.0,541100000.0,Technology,13133503488,29.497383,,0.14745804205315127,0.14718602943176565,19.776415,9.720968,0
TRMB,2023,3798700000.0,664300000.0,494400000.0,Technology,13133503488,29.497383,0.0332943448576013,0.17487561534209073,0.13014978808539765,19.776415,9.720968,1
TRMB,2024,3683300000.0,662300000.0,476600000.0,Technology,13133503488,29.497383,-0.030378813804722626,0.179811582005267,0.12939483615236336,19.776415,9.720968,1
TRMB,2025,3587300000.0,630700000.0,611300000.0,Technology,13133503488,29.497383,-0.026063584285830665,0.1758146795640175,0.17040671256934184,19.776415,9.720968,1
TTD,2021,,,,Communication Services,10427002880,25.204546,,,,29.184553,-3.9800070000000005,0
TTD,2022,1577795000.0,319876000.0,113654000.0,Communication Services,10427002880,25.204546,,0.202736096894717,0.07203343907161577,29.332317,-4.127770999999999,0
TTD,2023,1946120000.0,411794000.0,200480000.0,Communication Services,10427002880,25.204546,0.23344287439115985,0.21159743489610097,0.10301523030440055,29.332317,-4.127770999999999,1
TTD,2024,2444831000.0,463319000.0,427167000.0,Communication Services,10427002880,25.204546,0.25625912071198087,0.1895096225465073,0.1747225063818317,29.332317,-4.127770999999999,1
TTD,2025,2896284000.0,525141000.0,589321000.0,Communication Services,10427002880,25.204546,0.18465611733489973,0.181315437298276,0.20347486641503387,29.332317,-4.127770999999999,1
V,2022,29310000000.0,,19681000000.0,Financial Services,620881313792,28.488657,,,0.6714773114977823,14.859716,13.628941,0
V,2023,32653000000.0,,21927000000.0,Financial Services,620881313792,28.488657,0.11405663596042315,,0.6715156340918139,14.859716,13.628941,1
V,2024,35926000000.0,,24057000000.0,Financial Services,620881313792,28.488657,0.10023581294214923,,0.6696264543784446,14.859716,13.628941,1
V,2025,40000000000.0,,26556000000.0,Financial Services,620881313792,28.488657,0.11339976618604908,,0.6639,14.859716,13.628941,1
VZ,2022,136835000000.0,,30467000000.0,Communication Services,202472865792,11.82683,,,0.2226550224723207,29.332317,-17.505487000000002,0
VZ,2023,133974000000.0,,28718000000.0,Communication Services,202472865792,11.82683,-0.02090839332042238,,0.2143550241091555,29.332317,-17.505487000000002,1
VZ,2024,134788000000.0,,28686000000.0,Communication Services,202472865792,11.82683,0.006075805753355201,,0.21282309997922663,29.332317,-17.505487000000002,1
VZ,2025,138191000000.0,,29259000000.0,Communication Services,202472865792,11.82683,0.02524705463394361,,0.2117286943433364,29.332317,-17.505487000000002,1
WDC,2022,18793000000.0,2323000000.0,2434000000.0,Technology,180837498880,31.453838,,0.12360985473314531,0.1295163092640877,19.776415,11.677423000000001,0
WDC,2023,6255000000.0,986000000.0,-402000000.0,Technology,180837498880,31.453838,-0.6671633054860853,0.15763389288569143,-0.06426858513189448,19.776415,11.677423000000001,1
WDC,2024,6317000000.0,950000000.0,97000000.0,Technology,180837498880,31.453838,0.009912070343724988,0.15038784233022004,0.0153553902168751,19.776415,11.677423000000001,1
WDC,2025,9520000000.0,994000000.0,2130000000.0,Technology,180837498880,31.453838,0.5070444831407313,0.10441176470588236,0.22373949579831934,19.776415,11.677423000000001,1
