ticker,name,year,filing_date,sector,sector_edgar,sub_industry,group,data_quality,revenue,rd,ebit,mktcap,pe,rev_growth,rd_intensity,op_margin,sector_pe,pe_premium,post_2022,mda_word_count,ai_keyword_hits,ai_density_per1k,speculative_hits,speculative_score,operational_hits,operational_score,spec_vs_oper_ratio,ai_density_2023
ACN,Accenture,2021,2021-10-15,Technology,Information Technology,IT Consulting & Other Services,treatment,HIGH,,,,108932022272,14.508197,,,,15.601779,-1.0935820000000014,0,5568.0,1.0,0.1796,0.0,0.0,0.0,0.0,0.0,0.9752
ACN,Accenture,2022,2022-10-12,Technology,Information Technology,IT Consulting & Other Services,treatment,HIGH,61594305000.0,,9367181000.0,108932022272,14.508197,,,0.1520786864954479,19.776415,-5.268218000000001,0,5783.0,1.0,0.1729,0.0,0.0,0.0,0.0,0.0,0.9752
ACN,Accenture,2023,2023-10-12,Technology,Information Technology,IT Consulting & Other Services,treatment,HIGH,64111745000.0,,9873035000.0,108932022272,14.508197,0.0408713110733207,,0.1539972902001029,19.776415,-5.268218000000001,1,6324.0,1.0,0.1581,0.0,0.0,0.0,0.0,0.0,0.9752
ACN,Accenture,2024,2024-10-10,Technology,Information Technology,IT Consulting & Other Services,treatment,HIGH,64896464000.0,,10034287000.0,108932022272,14.508197,0.0122398633822866,,0.1546199343002725,19.776415,-5.268218000000001,1,6385.0,0.0,0.0,0.0,0.0,0.0,0.0,0.0,0.9752
ACN,,2025,,Technology,,,,,69672977000.0,,10840988000.0,108932022272,14.508197,0.0736020532644121,,0.1555981740237682,19.776415,-5.268218000000001,1,,,,,,,,,
ADBE,Adobe Inc.,2022,2023-01-17,Technology,Information Technology,Application Software,treatment,HIGH,17606000000.0,2987000000.0,6098000000.0,97206059008,14.006407,,0.1696580711121208,0.3463591957287288,19.776415,-5.770008000000001,0,7327.0,6.0,0.8189,0.0,0.0,1.0,0.1365,0.0,1.3132
ADBE,Adobe Inc.,2023,2024-01-17,Technology,Information Technology,Application Software,treatment,HIGH,19409000000.0,3473000000.0,6650000000.0,97206059008,14.006407,0.102408269907986,0.1789376062651347,0.3426245556185275,19.776415,-5.770008000000001,1,6705.0,9.0,1.3423,0.0,0.0,4.0,0.5966,0.0,1.3132
ADBE,Adobe Inc.,2024,2025-01-13,Technology,Information Technology,Application Software,treatment,HIGH,21505000000.0,3944000000.0,7741000000.0,97206059008,14.006407,0.1079911381317946,0.183399209486166,0.3599627993489886,19.776415,-5.770008000000001,1,6594.0,15.0,2.2748,0.0,0.0,6.0,0.9099,0.0,1.3132
ADBE,,2025,,Technology,,,,,23769000000.0,4294000000.0,8706000000.0,97206059008,14.006407,0.1052778423622413,0.1806554756195044,0.3662754007320459,19.776415,-5.770008000000001,1,,,,,,,,,
ADP,Automatic Data Processing,2022,2022-08-03,Technology,Industrials,Human Resource & Employment Services,treatment,HIGH,16498300000.0,,3803200000.0,87281983488,20.368471,,,0.2305207203166386,19.776415,0.5920559999999995,0,7438.0,0.0,0.0,0.0,0.0,0.0,0.0,0.0,1.1123
ADP,Automatic Data Processing,2023,2023-08-03,Technology,Industrials,Human Resource & Employment Services,treatment,HIGH,18012200000.0,,4507400000.0,87281983488,20.368471,0.0917609693119896,,0.2502415029813126,19.776415,0.5920559999999995,1,6966.0,1.0,0.1436,0.0,0.0,1.0,0.1436,0.0,1.1123
ADP,Automatic Data Processing,2024,2024-08-07,Technology,Industrials,Human Resource & Employment Services,treatment,HIGH,19202600000.0,,4947000000.0,87281983488,20.368471,0.0660885399895625,,0.2576213637736556,19.776415,0.5920559999999995,1,7064.0,2.0,0.2831,0.0,0.0,1.0,0.1416,0.0,1.1123
ADP,,2025,,Technology,,,,,20560900000.0,,5411900000.0,87281983488,20.368471,0.0707352129399143,,0.2632131861932114,19.776415,0.5920559999999995,1,,,,,,,,,
APP,AppLovin,2021,2022-03-11,Communication Services,Information Technology,Application Software,control,HIGH,,,,172753534976,44.638885,,,,29.184553,15.454332,0,13068.0,0.0,0.0,0.0,0.0,0.0,0.0,0.0,0.0135
APP,AppLovin,2022,2023-02-28,Communication Services,Information Technology,Application Software,control,HIGH,2817058000.0,507607000.0,-47791000.0,172753534976,44.638885,,0.1801904682118721,-0.0169648619233256,29.332317,15.306568000000002,0,13068.0,1.0,0.0765,1.0,0.0765,0.0,0.0,2.0,0.0135
APP,AppLovin,2023,2024-02-26,Communication Services,Information Technology,Application Software,control,HIGH,1841762000.0,333781000.0,772411000.0,172753534976,44.638885,-0.3462108341397302,0.1812291707614773,0.4193869783392208,29.332317,15.306568000000002,1,11265.0,2.0,0.1775,1.0,0.0888,0.0,0.0,2.0,0.0135
APP,AppLovin,2024,2025-02-27,Communication Services,Information Technology,Application Software,control,HIGH,3224058000.0,374710000.0,1910956000.0,172753534976,44.638885,0.7505291128821205,0.1162230952420831,0.5927176248069979,29.332317,15.306568000000002,1,8419.0,4.0,0.4751,3.0,0.3563,0.0,0.0,2.0,0.0135
APP,,2025,,Communication Services,,,,,5480717000.0,226510000.0,4151914000.0,172753534976,44.638885,0.6999436734698941,0.0413285342045575,0.757549422821868,29.332317,15.306568000000002,1,,,,,,,,,
ARES,Ares Management,2021,2022-02-28,Financial Services,Financials,Asset Management & Custody Banks,control,HIGH,,,,41323184128,57.732716,,,,14.6125775,43.1201385,0,27898.0,0.0,0.0,0.0,0.0,0.0,0.0,0.0,0.0144
ARES,Ares Management,2022,2023-02-24,Financial Services,Financials,Asset Management & Custody Banks,control,HIGH,3055443000.0,,306358000.0,41323184128,57.732716,,,0.1002663116281337,14.859716,42.873000000000005,0,27500.0,0.0,0.0,0.0,0.0,0.0,0.0,0.0,0.0144
ARES,Ares Management,2023,2024-02-27,Financial Services,Financials,Asset Management & Custody Banks,control,HIGH,3631884000.0,,834026000.0,41323184128,57.732716,0.1886603677437281,,0.2296400435696735,14.859716,42.873000000000005,1,26529.0,0.0,0.0,0.0,0.0,0.0,0.0,0.0,0.0144
ARES,Ares Management,2024,2025-02-27,Financial Services,Financials,Asset Management & Custody Banks,control,HIGH,3884781000.0,,946090000.0,41323184128,57.732716,0.0696324552215874,,0.2435375378946715,14.859716,42.873000000000005,1,27595.0,1.0,0.0362,0.0,0.0,0.0,0.0,0.0,0.0144
ARES,,2025,,Financial Services,,,,,5601482000.0,,892716000.0,41323184128,57.732716,0.4419041897085061,,0.159371394927271,14.859716,42.873000000000005,1,,,,,,,,,
BKR,Baker Hughes,2021,2022-02-11,Energy,Energy,Oil & Gas Equipment & Services,treatment,HIGH,,,,66200743936,21.319489,,,,22.007812,-0.6883230000000005,0,8936.0,0.0,0.0,0.0,0.0,0.0,0.0,0.0,0.384
BKR,Baker Hughes,2022,2023-02-14,Energy,Energy,Oil & Gas Equipment & Services,treatment,HIGH,21156000000.0,,1890000000.0,66200743936,21.319489,,,0.0893363584798638,22.007812,-0.6883230000000005,0,10116.0,0.0,0.0,0.0,0.0,0.0,0.0,0.0,0.384
BKR,Baker Hughes,2023,2024-02-05,Energy,Energy,Oil & Gas Equipment & Services,treatment,HIGH,25506000000.0,651000000.0,2640000000.0,66200743936,21.319489,0.2056154282473057,0.0255234062573512,0.103505057633498,22.007812,-0.6883230000000005,1,8739.0,0.0,0.0,0.0,0.0,0.0,0.0,0.0,0.384
BKR,Baker Hughes,2024,2025-02-04,Energy,Energy,Oil & Gas Equipment & Services,treatment,HIGH,27829000000.0,643000000.0,3382000000.0,66200743936,21.319489,0.0910766094252333,0.0231053936541018,0.121527902547702,22.007812,-0.6883230000000005,1,8293.0,0.0,0.0,0.0,0.0,0.0,0.0,0.0,0.384
BKR,,2025,,Energy,,,,,27733000000.0,600000000.0,3557000000.0,66200743936,21.319489,-0.0034496388659311,0.0216348754191757,0.1282587531100133,22.007812,-0.6883230000000005,1,,,,,,,,,
CDW,CDW Corporation,2021,2022-02-28,Technology,Information Technology,Technology Distributors,control,HIGH,,,,13872746496,13.226552,,,,15.601779,-2.3752270000000006,0,7263.0,0.0,0.0,0.0,0.0,0.0,0.0,0.0,0.0489
CDW,CDW Corporation,2022,2023-02-24,Technology,Information Technology,Technology Distributors,control,HIGH,23748700000.0,,1735200000.0,13872746496,13.226552,,,0.0730650519817926,19.776415,-6.549863,0,6561.0,0.0,0.0,0.0,0.0,0.0,0.0,0.0,0.0489
CDW,CDW Corporation,2023,2024-02-26,Technology,Information Technology,Technology Distributors,control,HIGH,21376000000.0,,1680900000.0,13872746496,13.226552,-0.0999086265774548,,0.0786349176646706,19.776415,-6.549863,1,6325.0,0.0,0.0,0.0,0.0,0.0,0.0,0.0,0.0489
CDW,CDW Corporation,2024,2025-02-21,Technology,Information Technology,Technology Distributors,control,HIGH,20998700000.0,,1651300000.0,13872746496,13.226552,-0.0176506362275449,,0.0786382014124684,19.776415,-6.549863,1,6355.0,1.0,0.1574,0.0,0.0,0.0,0.0,0.0,0.0489
CDW,,2025,,Technology,,,,,22424100000.0,,1655600000.0,13872746496,13.226552,0.067880392595732,,0.0738312797392091,19.776415,-6.549863,1,,,,,,,,,
CFG,Citizens Financial Group,2021,2022-02-23,Financial Services,Financials,Regional Banks,control,HIGH,,,,26916435968,15.082939,,,,14.6125775,0.4703614999999992,0,18737.0,0.0,0.0,0.0,0.0,0.0,0.0,0.0,0.0123
CFG,Citizens Financial Group,2022,2023-02-17,Financial Services,Financials,Regional Banks,control,HIGH,8021000000.0,,,26916435968,15.082939,,,,14.859716,0.223222999999999,0,16279.0,0.0,0.0,0.0,0.0,0.0,0.0,0.0,0.0123
CFG,Citizens Financial Group,2023,2024-02-16,Financial Services,Financials,Regional Banks,control,HIGH,8224000000.0,,,26916435968,15.082939,0.0253085650168307,,,14.859716,0.223222999999999,1,16292.0,0.0,0.0,0.0,0.0,0.0,0.0,0.0,0.0123
CFG,Citizens Financial Group,2024,2025-02-13,Financial Services,Financials,Regional Banks,control,HIGH,7809000000.0,,,26916435968,15.082939,-0.0504620622568093,,,14.859716,0.223222999999999,1,17080.0,0.0,0.0,0.0,0.0,0.0,0.0,0.0,0.0123
CFG,,2025,,Financial Services,,,,,8247000000.0,,,26916435968,15.082939,0.0560891279293123,,,14.859716,0.223222999999999,1,,,,,,,,,
CRL,Charles River Laboratories,2022,2023-02-22,Healthcare,Health Care,Life Sciences Tools & Services,control,HIGH,3976060000.0,,650975000.0,7549327872,,,,0.1637236359612279,20.900101,,0,6002.0,0.0,0.0,0.0,0.0,0.0,0.0,0.0,0.0158
CRL,Charles River Laboratories,2023,2024-02-14,Healthcare,Health Care,Life Sciences Tools & Services,control,HIGH,4129409000.0,,617261000.0,7549327872,,0.0385680799585519,,0.1494792596228661,20.900101,,1,8487.0,0.0,0.0,0.0,0.0,0.0,0.0,0.0,0.0158
CRL,Charles River Laboratories,2024,2025-02-19,Healthcare,Health Care,Life Sciences Tools & Services,control,HIGH,4049989000.0,,442347000.0,7549327872,,-0.0192327764094086,,0.1092217781332245,20.900101,,1,9094.0,0.0,0.0,0.0,0.0,0.0,0.0,0.0,0.0158
CRL,,2025,,Healthcare,,,,,4015382000.0,,401136000.0,7549327872,,-0.0085449614801422,,0.0998998351838006,20.900101,,1,,,,,,,,,
DHR,Danaher Corporation,2021,2022-02-23,Healthcare,Health Care,Life Sciences Tools & Services,control,HIGH,,,,122309836800,33.42553,,,,20.124224,13.301306,0,13160.0,1.0,0.076,1.0,0.076,0.0,0.0,2.0,0.0141
DHR,Danaher Corporation,2022,2023-02-22,Healthcare,Health Care,Life Sciences Tools & Services,control,HIGH,26643000000.0,1528000000.0,7536000000.0,122309836800,33.42553,,0.0573508989227939,0.2828510302893818,20.900101,12.525429000000004,0,14079.0,1.0,0.071,1.0,0.071,0.0,0.0,2.0,0.0141
DHR,Danaher Corporation,2023,2024-02-21,Healthcare,Health Care,Life Sciences Tools & Services,control,HIGH,23890000000.0,1503000000.0,5202000000.0,122309836800,33.42553,-0.1033292046691438,0.0629133528673085,0.2177480117203851,20.900101,12.525429000000004,1,12449.0,1.0,0.0803,1.0,0.0803,0.0,0.0,2.0,0.0141
DHR,Danaher Corporation,2024,2025-02-20,Healthcare,Health Care,Life Sciences Tools & Services,control,HIGH,23875000000.0,1584000000.0,4863000000.0,122309836800,33.42553,-0.0006278777731267,0.0663455497382198,0.2036858638743455,20.900101,12.525429000000004,1,10847.0,1.0,0.0922,1.0,0.0922,0.0,0.0,2.0,0.0141
DHR,,2025,,Healthcare,,,,,24568000000.0,1598000000.0,4690000000.0,122309836800,33.42553,0.0290261780104712,0.0650439596222728,0.1908987300553565,20.900101,12.525429000000004,1,,,,,,,,,
DVN,Devon Energy,2021,2022-02-16,Energy,Energy,Oil & Gas Exploration & Production,control,HIGH,,,,52045967360,12.573816,,,,22.007812,-9.433996,0,8474.0,0.0,0.0,0.0,0.0,0.0,0.0,0.0,0.0203
DVN,Devon Energy,2022,2023-02-15,Energy,Energy,Oil & Gas Exploration & Production,control,HIGH,19169000000.0,,7920000000.0,52045967360,12.573816,,,0.413167092701758,22.007812,-9.433996,0,8107.0,0.0,0.0,0.0,0.0,0.0,0.0,0.0,0.0203
DVN,Devon Energy,2023,2024-02-28,Energy,Energy,Oil & Gas Exploration & Production,control,HIGH,15258000000.0,,4939000000.0,52045967360,12.573816,-0.2040273358025979,,0.3236990431249181,22.007812,-9.433996,1,6688.0,0.0,0.0,0.0,0.0,0.0,0.0,0.0,0.0203
DVN,Devon Energy,2024,2025-02-19,Energy,Energy,Oil & Gas Exploration & Production,control,HIGH,15940000000.0,,4182000000.0,52045967360,12.573816,0.0446978634159129,,0.2623588456712672,22.007812,-9.433996,1,6701.0,0.0,0.0,0.0,0.0,0.0,0.0,0.0,0.0203
DVN,,2025,,Energy,,,,,17188000000.0,,3856000000.0,52045967360,12.573816,0.078293601003764,,0.2243425645799394,22.007812,-9.433996,1,,,,,,,,,
DXCM,Dexcom,2021,2022-02-14,Healthcare,Health Care,Health Care Equipment,control,HIGH,,,,27786715136,30.90558,,,,20.124224,10.781356,0,5758.0,1.0,0.1737,0.0,0.0,0.0,0.0,0.0,0.0124
DXCM,Dexcom,2022,2023-02-09,Healthcare,Health Care,Health Care Equipment,control,HIGH,2909800000.0,484200000.0,391200000.0,27786715136,30.90558,,0.1664031892226269,0.134442229706509,20.900101,10.005479,0,6047.0,1.0,0.1654,0.0,0.0,0.0,0.0,0.0,0.0124
DXCM,Dexcom,2023,2024-02-08,Healthcare,Health Care,Health Care Equipment,control,HIGH,3622300000.0,505800000.0,597700000.0,27786715136,30.90558,0.2448621898412262,0.139635038511443,0.1650056593876818,20.900101,10.005479,1,4610.0,1.0,0.2169,0.0,0.0,0.0,0.0,0.0,0.0124
DXCM,Dexcom,2024,2025-02-18,Healthcare,Health Care,Health Care Equipment,control,HIGH,4033000000.0,552400000.0,600000000.0,27786715136,30.90558,0.1133810010214504,0.1369699975204562,0.148772625836846,20.900101,10.005479,1,4827.0,1.0,0.2072,0.0,0.0,0.0,0.0,0.0,0.0124
DXCM,,2025,,Healthcare,,,,,4662000000.0,599100000.0,911800000.0,27786715136,30.90558,0.1559633027522935,0.1285070785070785,0.1955812955812955,20.900101,10.005479,1,,,,,,,,,
EFX,Equifax,2022,2023-02-23,Industrials,Industrials,Research & Consulting Services,treatment,HIGH,5122200000.0,,1056000000.0,19640518656,28.663733,,,0.2061614150169849,29.1709795,-0.5072465000000008,0,11602.0,1.0,0.0862,0.0,0.0,1.0,0.0862,0.0,0.1732
EFX,Equifax,2023,2024-02-22,Industrials,Industrials,Research & Consulting Services,treatment,HIGH,5265200000.0,,933600000.0,19640518656,28.663733,0.0279176916168832,,0.1773152017017397,29.1709795,-0.5072465000000008,1,11518.0,1.0,0.0868,0.0,0.0,1.0,0.0868,0.0,0.1732
EFX,Equifax,2024,2025-02-20,Industrials,Industrials,Research & Consulting Services,treatment,HIGH,5681100000.0,,1042100000.0,19640518656,28.663733,0.0789903517435235,,0.1834327859041382,29.1709795,-0.5072465000000008,1,11152.0,1.0,0.0897,0.0,0.0,1.0,0.0897,0.0,0.1732
EFX,,2025,,Industrials,,,,,6074500000.0,,1095200000.0,19640518656,28.663733,0.069247152840119,,0.1802946744588032,29.1709795,-0.5072465000000008,1,,,,,,,,,
EPAM,EPAM Systems,2021,2022-02-25,Technology,Information Technology,IT Consulting & Other Services,control,HIGH,,,,5208249344,14.3232765,,,,15.601779,-1.2785025,0,7620.0,0.0,0.0,0.0,0.0,0.0,0.0,0.0,0.0396
EPAM,EPAM Systems,2022,2023-02-24,Technology,Information Technology,IT Consulting & Other Services,control,HIGH,4824698000.0,,572966000.0,5208249344,14.3232765,,,0.118756863123868,19.776415,-5.4531385,0,8825.0,0.0,0.0,0.0,0.0,0.0,0.0,0.0,0.0396
EPAM,EPAM Systems,2023,2024-02-22,Technology,Information Technology,IT Consulting & Other Services,control,HIGH,4690540000.0,,527161000.0,5208249344,14.3232765,-0.0278065072673978,,0.1123881258874244,19.776415,-5.4531385,1,8137.0,1.0,0.1229,0.0,0.0,0.0,0.0,0.0,0.0396
EPAM,EPAM Systems,2024,2025-02-28,Technology,Information Technology,IT Consulting & Other Services,control,HIGH,4727940000.0,,544584000.0,5208249344,14.3232765,0.007973495588994,,0.1151842028452137,19.776415,-5.4531385,1,8227.0,2.0,0.2431,0.0,0.0,0.0,0.0,0.0,0.0396
EPAM,,2025,,Technology,,,,,5457056000.0,,520003000.0,5208249344,14.3232765,0.1542143089802323,,0.0952900245113849,19.776415,-5.4531385,1,,,,,,,,,
FDS,FactSet,2021,2021-10-22,Financial Services,Financials,Financial Exchanges & Data,treatment,HIGH,,,,8412676096,14.859716,,,,14.6125775,0.2471385000000001,0,10159.0,2.0,0.1969,0.0,0.0,0.0,0.0,0.0,0.2828
FDS,FactSet,2022,2022-10-21,Financial Services,Financials,Financial Exchanges & Data,treatment,HIGH,1843892000.0,,539754000.0,8412676096,14.859716,,,0.2927253873871138,14.859716,0.0,0,11348.0,2.0,0.1762,1.0,0.0881,0.0,0.0,2.0,0.2828
FDS,FactSet,2023,2023-10-27,Financial Services,Financials,Financial Exchanges & Data,treatment,HIGH,2085508000.0,,629207000.0,8412676096,14.859716,0.1310358741184407,,0.3017044288489903,14.859716,0.0,1,10460.0,1.0,0.0956,0.0,0.0,0.0,0.0,0.0,0.2828
FDS,FactSet,2024,2024-10-29,Financial Services,Financials,Financial Exchanges & Data,treatment,HIGH,2203056000.0,,701299000.0,8412676096,14.859716,0.0563642047884735,,0.3183300833024671,14.859716,0.0,1,9615.0,0.0,0.0,0.0,0.0,0.0,0.0,0.0,0.2828
FDS,,2025,,Financial Services,,,,,2321748000.0,,748303000.0,8412676096,14.859716,0.0538760703313943,,0.3223015589977896,14.859716,0.0,1,,,,,,,,,
FOX,Fox Corporation (Class B),2021,2021-08-10,Communication Services,Communication Services,Broadcasting,control,HIGH,,,,24404420608,15.284211,,,,29.184553,-13.900342,0,12074.0,0.0,0.0,0.0,0.0,0.0,0.0,0.0,0.056
FOX,Fox Corporation (Class B),2022,2022-08-12,Communication Services,Communication Services,Broadcasting,control,HIGH,13974000000.0,,2574000000.0,24404420608,15.284211,,,0.1841992271361099,29.332317,-14.048106,0,10526.0,0.0,0.0,0.0,0.0,0.0,0.0,0.0,0.056
FOX,Fox Corporation (Class B),2023,2023-08-11,Communication Services,Communication Services,Broadcasting,control,HIGH,14913000000.0,,2764000000.0,24404420608,15.284211,0.0671962215543151,,0.1853416482263796,29.332317,-14.048106,1,10068.0,0.0,0.0,0.0,0.0,0.0,0.0,0.0,0.056
FOX,Fox Corporation (Class B),2024,2024-08-08,Communication Services,Communication Services,Broadcasting,control,HIGH,13980000000.0,,2478000000.0,24404420608,15.284211,-0.0625628646147656,,0.1772532188841201,29.332317,-14.048106,1,10070.0,0.0,0.0,0.0,0.0,0.0,0.0,0.0,0.056
FOX,,2025,,Communication Services,,,,,16300000000.0,,3229000000.0,24404420608,15.284211,0.1659513590844064,,0.1980981595092024,29.332317,-14.048106,1,,,,,,,,,
FOXA,Fox Corporation (Class A),2021,2021-08-10,Communication Services,Communication Services,Broadcasting,control,HIGH,,,,27295301632,17.094736,,,,29.184553,-12.089817,0,12074.0,0.0,0.0,0.0,0.0,0.0,0.0,0.0,0.056
FOXA,Fox Corporation (Class A),2022,2022-08-12,Communication Services,Communication Services,Broadcasting,control,HIGH,13974000000.0,,2574000000.0,27295301632,17.094736,,,0.1841992271361099,29.332317,-12.237581,0,10526.0,0.0,0.0,0.0,0.0,0.0,0.0,0.0,0.056
FOXA,Fox Corporation (Class A),2023,2023-08-11,Communication Services,Communication Services,Broadcasting,control,HIGH,14913000000.0,,2764000000.0,27295301632,17.094736,0.0671962215543151,,0.1853416482263796,29.332317,-12.237581,1,10068.0,0.0,0.0,0.0,0.0,0.0,0.0,0.0,0.056
FOXA,Fox Corporation (Class A),2024,2024-08-08,Communication Services,Communication Services,Broadcasting,control,HIGH,13980000000.0,,2478000000.0,27295301632,17.094736,-0.0625628646147656,,0.1772532188841201,29.332317,-12.237581,1,10070.0,0.0,0.0,0.0,0.0,0.0,0.0,0.0,0.056
FOXA,,2025,,Communication Services,,,,,16300000000.0,,3229000000.0,27295301632,17.094736,0.1659513590844064,,0.1980981595092024,29.332317,-12.237581,1,,,,,,,,,
GD,General Dynamics,2022,2023-02-07,Industrials,Industrials,Aerospace & Defense,treatment,HIGH,39407000000.0,,4211000000.0,93201055744,21.689114,,,0.1068591874540056,29.1709795,-7.481865500000001,0,7805.0,0.0,0.0,0.0,0.0,0.0,0.0,0.0,0.1755
GD,General Dynamics,2023,2024-02-08,Industrials,Industrials,Aerospace & Defense,treatment,HIGH,42272000000.0,,4245000000.0,93201055744,21.689114,0.0727028192960641,,0.1004210825132475,29.1709795,-7.481865500000001,1,7516.0,0.0,0.0,0.0,0.0,0.0,0.0,0.0,0.1755
GD,General Dynamics,2024,2025-02-07,Industrials,Industrials,Aerospace & Defense,treatment,HIGH,47716000000.0,,4796000000.0,93201055744,21.689114,0.1287850113550341,,0.1005113588733338,29.1709795,-7.481865500000001,1,7635.0,0.0,0.0,0.0,0.0,0.0,0.0,0.0,0.1755
GD,,2025,,Industrials,,,,,52550000000.0,,5356000000.0,93201055744,21.689114,0.1013077374465587,,0.1019219790675547,29.1709795,-7.481865500000001,1,,,,,,,,,
GDDY,GoDaddy,2021,2022-02-17,Technology,Information Technology,Internet Services & Infrastructure,control,HIGH,,,,11783151616,14.103011,,,,15.601779,-1.498768,0,7066.0,0.0,0.0,0.0,0.0,0.0,0.0,0.0,0.0135
GDDY,GoDaddy,2022,2023-02-16,Technology,Information Technology,Internet Services & Infrastructure,control,HIGH,4091300000.0,794000000.0,514500000.0,11783151616,14.103011,,0.1940703443893139,0.1257546501112116,19.776415,-5.673404,0,7664.0,0.0,0.0,0.0,0.0,0.0,0.0,0.0,0.0135
GDDY,GoDaddy,2023,2024-02-29,Technology,Information Technology,Internet Services & Infrastructure,control,HIGH,4254100000.0,839600000.0,638200000.0,11783151616,14.103011,0.0397917532324689,0.1973625443689617,0.1500199807244775,19.776415,-5.673404,1,7133.0,0.0,0.0,0.0,0.0,0.0,0.0,0.0,0.0135
GDDY,GoDaddy,2024,2025-02-20,Technology,Information Technology,Internet Services & Infrastructure,control,HIGH,4573200000.0,814400000.0,932900000.0,11783151616,14.103011,0.0750099903622387,0.1780809936149742,0.2039928277792355,19.776415,-5.673404,1,6512.0,3.0,0.4607,1.0,0.1536,0.0,0.0,2.0,0.0135
GDDY,,2025,,Technology,,,,,4951100000.0,841500000.0,1138400000.0,11783151616,14.103011,0.0826336044782647,0.1699622306154188,0.2299287027125285,19.776415,-5.673404,1,,,,,,,,,
GEHC,GE HealthCare,2021,,Healthcare,Health Care,Health Care Equipment,treatment,FAILED,,,,29194954752,15.390887,,,,20.124224,-4.733337000000002,0,,,,,,,,,0.3126
GEHC,GE HealthCare,2022,2023-02-15,Healthcare,Health Care,Health Care Equipment,treatment,HIGH,18341000000.0,1026000000.0,2522000000.0,29194954752,15.390887,,0.0559402431710375,0.1375061337985933,20.900101,-5.509214,0,9482.0,0.0,0.0,0.0,0.0,0.0,0.0,0.0,0.3126
GEHC,GE HealthCare,2023,2024-02-06,Healthcare,Health Care,Health Care Equipment,treatment,HIGH,19552000000.0,1205000000.0,2435000000.0,29194954752,15.390887,0.0660269341911563,0.0616305237315875,0.1245396890343698,20.900101,-5.509214,1,7794.0,0.0,0.0,0.0,0.0,0.0,0.0,0.0,0.3126
GEHC,GE HealthCare,2024,2025-02-13,Healthcare,Health Care,Health Care Equipment,treatment,HIGH,19672000000.0,1311000000.0,2625000000.0,29194954752,15.390887,0.0061374795417348,0.0666429442862952,0.1334383895892639,20.900101,-5.509214,1,8611.0,0.0,0.0,0.0,0.0,0.0,0.0,0.0,0.3126
GEHC,,2025,,Healthcare,,,,,20625000000.0,1260000000.0,2762000000.0,29194954752,15.390887,0.0484444896299309,0.061090909090909,0.1339151515151515,20.900101,-5.509214,1,,,,,,,,,
GOOG,Alphabet Inc. (Class C),2022,2023-02-03,Communication Services,Communication Services,Interactive Media & Services,treatment,HIGH,282836000000.0,39500000000.0,74842000000.0,4662507339776,29.332317,,0.1396569036473433,0.2646127084246701,29.332317,0.0,0,7978.0,0.0,0.0,0.0,0.0,0.0,0.0,0.0,0.6213
GOOG,Alphabet Inc. (Class C),2023,2024-01-31,Communication Services,Communication Services,Interactive Media & Services,treatment,HIGH,307394000000.0,45427000000.0,84293000000.0,4662507339776,29.332317,0.0868277022726951,0.1477810237024795,0.2742181044522664,29.332317,0.0,1,8377.0,1.0,0.1194,0.0,0.0,0.0,0.0,0.0,0.6213
GOOG,Alphabet Inc. (Class C),2024,2025-02-05,Communication Services,Communication Services,Interactive Media & Services,treatment,HIGH,350018000000.0,49326000000.0,112390000000.0,4662507339776,29.332317,0.1386624332290156,0.1409241810421178,0.3210977721145769,29.332317,0.0,1,8091.0,1.0,0.1236,0.0,0.0,0.0,0.0,0.0,0.6213
GOOG,,2025,,Communication Services,,,,,402836000000.0,61087000000.0,129039000000.0,4662507339776,29.332317,0.1509008108154437,0.1516423556981004,0.3203263859238002,29.332317,0.0,1,,,,,,,,,
GOOGL,Alphabet Inc. (Class A),2022,2023-02-03,Communication Services,Communication Services,Interactive Media & Services,treatment,HIGH,282836000000.0,39500000000.0,74842000000.0,4711453818880,29.662853,,0.1396569036473433,0.2646127084246701,29.332317,0.3305359999999986,0,7978.0,0.0,0.0,0.0,0.0,0.0,0.0,0.0,0.6213
GOOGL,Alphabet Inc. (Class A),2023,2024-01-31,Communication Services,Communication Services,Interactive Media & Services,treatment,HIGH,307394000000.0,45427000000.0,84293000000.0,4711453818880,29.662853,0.0868277022726951,0.1477810237024795,0.2742181044522664,29.332317,0.3305359999999986,1,8377.0,1.0,0.1194,0.0,0.0,0.0,0.0,0.0,0.6213
GOOGL,Alphabet Inc. (Class A),2024,2025-02-05,Communication Services,Communication Services,Interactive Media & Services,treatment,HIGH,350018000000.0,49326000000.0,112390000000.0,4711453818880,29.662853,0.1386624332290156,0.1409241810421178,0.3210977721145769,29.332317,0.3305359999999986,1,8091.0,1.0,0.1236,0.0,0.0,0.0,0.0,0.0,0.6213
GOOGL,,2025,,Communication Services,,,,,402836000000.0,61087000000.0,129039000000.0,4711453818880,29.662853,0.1509008108154437,0.1516423556981004,0.3203263859238002,29.332317,0.3305359999999986,1,,,,,,,,,
HAL,Halliburton,2021,2022-02-04,Energy,Energy,Oil & Gas Equipment & Services,middle,HIGH,,,,34318141440,22.696135,,,,22.007812,0.6883230000000005,0,6374.0,0.0,0.0,0.0,0.0,0.0,0.0,0.0,0.029
HAL,Halliburton,2022,2023-02-07,Energy,Energy,Oil & Gas Equipment & Services,middle,HIGH,20297000000.0,,3073000000.0,34318141440,22.696135,,,0.1514016849780755,22.007812,0.6883230000000005,0,6293.0,0.0,0.0,0.0,0.0,0.0,0.0,0.0,0.029
HAL,Halliburton,2023,2024-02-06,Energy,Energy,Oil & Gas Equipment & Services,middle,HIGH,23018000000.0,,4083000000.0,34318141440,22.696135,0.134059220574469,,0.1773829177165696,22.007812,0.6883230000000005,1,6886.0,0.0,0.0,0.0,0.0,0.0,0.0,0.0,0.029
HAL,Halliburton,2024,2025-02-12,Energy,Energy,Oil & Gas Equipment & Services,middle,HIGH,22944000000.0,,3938000000.0,34318141440,22.696135,-0.0032148753149708,,0.1716352859135285,22.007812,0.6883230000000005,1,6762.0,1.0,0.1479,0.0,0.0,0.0,0.0,0.0,0.029
HAL,,2025,,Energy,,,,,22184000000.0,,3091000000.0,34318141440,22.696135,-0.0331241283124128,,0.1393346556076451,22.007812,0.6883230000000005,1,,,,,,,,,
HPE,Hewlett Packard Enterprise,2021,2021-12-10,Technology,Information Technology,"Technology Hardware, Storage & Peripherals",treatment,HIGH,,,,50500071424,,,,,15.601779,,0,1247.0,0.0,0.0,0.0,0.0,0.0,0.0,0.0,1.5142
HPE,Hewlett Packard Enterprise,2022,2022-12-08,Technology,Information Technology,"Technology Hardware, Storage & Peripherals",treatment,HIGH,28496000000.0,2045000000.0,2227000000.0,50500071424,,,0.0717644581695676,0.0781513194834362,19.776415,,0,1156.0,0.0,0.0,0.0,0.0,0.0,0.0,0.0,1.5142
HPE,Hewlett Packard Enterprise,2023,2023-12-22,Technology,Information Technology,"Technology Hardware, Storage & Peripherals",treatment,HIGH,29135000000.0,2349000000.0,2442000000.0,50500071424,,0.0224241998877035,0.0806246782220696,0.0838167152908872,19.776415,,1,2698.0,0.0,0.0,0.0,0.0,0.0,0.0,0.0,1.5142
HPE,Hewlett Packard Enterprise,2024,2024-12-19,Technology,Information Technology,"Technology Hardware, Storage & Peripherals",treatment,HIGH,30127000000.0,2246000000.0,2494000000.0,50500071424,,0.0340483954007206,0.0745510671490689,0.0827828857835164,19.776415,,1,2607.0,0.0,0.0,0.0,0.0,0.0,0.0,0.0,1.5142
HPE,,2025,,Technology,,,,,34296000000.0,2518000000.0,1644000000.0,50500071424,,0.1383808543831115,0.0734196407744343,0.0479356193142057,19.776415,,1,,,,,,,,,
INTC,Intel,2022,2023-01-27,Technology,Information Technology,Semiconductors,treatment,LOW,63054000000.0,17528000000.0,2336000000.0,620811517952,,,0.2779839502648523,0.0370476099850921,19.776415,,0,68834.0,36.0,0.523,20.0,0.2906,5.0,0.0726,2.0,1.0556
INTC,Intel,2023,2024-01-26,Technology,Information Technology,Semiconductors,treatment,LOW,54228000000.0,16046000000.0,31000000.0,620811517952,,-0.139975259301551,0.2958987976691008,0.0005716603968429,19.776415,,1,68899.0,41.0,0.5951,24.0,0.3483,6.0,0.0871,2.0,1.0556
INTC,Intel,2024,2025-01-31,Technology,Information Technology,Semiconductors,treatment,LOW,53101000000.0,16546000000.0,-4708000000.0,620811517952,,-0.0207826215239359,0.3115948852187341,-0.0886612304853016,19.776415,,1,67238.0,31.0,0.461,14.0,0.2082,6.0,0.0892,2.0,1.0556
INTC,,2025,,Technology,,,,,52853000000.0,13774000000.0,-23000000.0,620811517952,,-0.0046703451912393,0.26060961534823,-0.0004351692429947,19.776415,,1,,,,,,,,,
INTU,Intuit,2021,2021-09-08,Technology,Information Technology,Application Software,treatment,HIGH,,,,83250987008,18.580587,,,,15.601779,2.978808000000001,0,9012.0,1.0,0.111,0.0,0.0,0.0,0.0,0.0,1.1498
INTU,Intuit,2022,2022-09-02,Technology,Information Technology,Application Software,treatment,HIGH,12726000000.0,2347000000.0,2559000000.0,83250987008,18.580587,,0.1844255854156844,0.201084394153701,19.776415,-1.1958279999999988,0,9344.0,1.0,0.107,0.0,0.0,0.0,0.0,0.0,1.1498
INTU,Intuit,2023,2023-09-01,Technology,Information Technology,Application Software,treatment,HIGH,14368000000.0,2539000000.0,3141000000.0,83250987008,18.580587,0.1290271884331291,0.1767121380846325,0.2186108017817372,19.776415,-1.1958279999999988,1,9311.0,1.0,0.1074,0.0,0.0,0.0,0.0,0.0,1.1498
INTU,Intuit,2024,2024-09-04,Technology,Information Technology,Application Software,treatment,HIGH,16285000000.0,2754000000.0,3853000000.0,83250987008,18.580587,0.1334214922048997,0.1691126803807184,0.2365980964077371,19.776415,-1.1958279999999988,1,9723.0,1.0,0.1028,0.0,0.0,0.0,0.0,0.0,1.1498
INTU,,2025,,Technology,,,,,18831000000.0,2928000000.0,4938000000.0,83250987008,18.580587,0.1563401903592263,0.1554882905846742,0.2622271785884977,19.776415,-1.1958279999999988,1,,,,,,,,,
IQV,IQVIA,2021,2022-02-16,Healthcare,Health Care,Life Sciences Tools & Services,control,HIGH,,,,27037800448,20.124224,,,,20.124224,0.0,0,6657.0,0.0,0.0,0.0,0.0,0.0,0.0,0.0,0.0159
IQV,IQVIA,2022,2023-02-15,Healthcare,Health Care,Life Sciences Tools & Services,control,HIGH,14410000000.0,,1827000000.0,27037800448,20.124224,,,0.1267869535045107,20.900101,-0.7758769999999977,0,6410.0,0.0,0.0,0.0,0.0,0.0,0.0,0.0,0.0159
IQV,IQVIA,2023,2024-02-15,Healthcare,Health Care,Life Sciences Tools & Services,control,HIGH,14984000000.0,,2061000000.0,27037800448,20.124224,0.0398334489937544,,0.1375467164975974,20.900101,-0.7758769999999977,1,8170.0,0.0,0.0,0.0,0.0,0.0,0.0,0.0,0.0159
IQV,IQVIA,2024,2025-02-13,Healthcare,Health Care,Life Sciences Tools & Services,control,HIGH,15405000000.0,,2269000000.0,27037800448,20.124224,0.028096636412173,,0.147289840960727,20.900101,-0.7758769999999977,1,7393.0,2.0,0.2705,2.0,0.2705,0.0,0.0,2.0,0.0159
IQV,,2025,,Healthcare,,,,,16310000000.0,,2287000000.0,27037800448,20.124224,0.0587471600129827,,0.140220723482526,20.900101,-0.7758769999999977,1,,,,,,,,,
IT,Gartner,2021,2022-02-23,Technology,Information Technology,IT Consulting & Other Services,control,HIGH,,,,10571033600,15.601779,,,,15.601779,0.0,0,6589.0,0.0,0.0,0.0,0.0,0.0,0.0,0.0,0.0502
IT,Gartner,2022,2023-02-16,Technology,Information Technology,IT Consulting & Other Services,control,HIGH,5475846000.0,,1109185000.0,10571033600,15.601779,,,0.2025595679644752,19.776415,-4.174636,0,6246.0,0.0,0.0,0.0,0.0,0.0,0.0,0.0,0.0502
IT,Gartner,2023,2024-02-15,Technology,Information Technology,IT Consulting & Other Services,control,HIGH,5906956000.0,,1111071000.0,10571033600,15.601779,0.0787293872033654,,0.1880953574057433,19.776415,-4.174636,1,5806.0,1.0,0.1722,1.0,0.1722,0.0,0.0,2.0,0.0502
IT,Gartner,2024,2025-02-13,Technology,Information Technology,IT Consulting & Other Services,control,HIGH,6267411000.0,,1157260000.0,10571033600,15.601779,0.0610221237469856,,0.1846472171683012,19.776415,-4.174636,1,5842.0,1.0,0.1712,1.0,0.1712,0.0,0.0,2.0,0.0502
IT,,2025,,Technology,,,,,6497226000.0,,1175711000.0,10571033600,15.601779,0.0366682510529468,,0.1809558417700107,19.776415,-4.174636,1,,,,,,,,,
JKHY,Jack Henry & Associates,2022,2022-08-25,Technology,Financials,Transaction & Payment Processing Services,treatment,HIGH,1942884000.0,121355000.0,474619000.0,9759536128,19.184359,,0.0624612689177531,0.2442858142843319,19.776415,-0.5920559999999995,0,5696.0,0.0,0.0,0.0,0.0,0.0,0.0,0.0,0.381
JKHY,Jack Henry & Associates,2023,2023-08-24,Technology,Financials,Transaction & Payment Processing Services,treatment,HIGH,2077702000.0,142678000.0,480688000.0,9759536128,19.184359,0.0693906584232513,0.0686710606237083,0.2313556034503504,19.776415,-0.5920559999999995,1,5974.0,1.0,0.1674,0.0,0.0,1.0,0.1674,0.0,0.381
JKHY,Jack Henry & Associates,2024,2024-08-26,Technology,Financials,Transaction & Payment Processing Services,treatment,HIGH,2215543000.0,148256000.0,489391000.0,9759536128,19.184359,0.066343007803814,0.0669163270584231,0.220889867630644,19.776415,-0.5920559999999995,1,5434.0,1.0,0.184,0.0,0.0,1.0,0.184,0.0,0.381
JKHY,,2025,,Technology,,,,,2375288000.0,162771000.0,568715000.0,9759536128,19.184359,0.0721019632658901,0.0685268481127341,0.2394299133410348,19.776415,-0.5920559999999995,1,,,,,,,,,
KEY,KeyCorp,2021,2022-02-22,Financial Services,Financials,Regional Banks,control,HIGH,,,,23603593216,13.355828,,,,14.6125775,-1.2567494999999995,0,21300.0,0.0,0.0,0.0,0.0,0.0,0.0,0.0,0.0103
KEY,KeyCorp,2022,2023-02-22,Financial Services,Financials,Regional Banks,control,HIGH,7026000000.0,,,23603593216,13.355828,,,,14.859716,-1.503888,0,20465.0,0.0,0.0,0.0,0.0,0.0,0.0,0.0,0.0103
KEY,KeyCorp,2023,2024-02-22,Financial Services,Financials,Regional Banks,control,HIGH,6215000000.0,,,23603593216,13.355828,-0.1154284087674352,,,14.859716,-1.503888,1,20218.0,0.0,0.0,0.0,0.0,0.0,0.0,0.0,0.0103
KEY,KeyCorp,2024,2025-02-21,Financial Services,Financials,Regional Banks,control,HIGH,4396000000.0,,,23603593216,13.355828,-0.2926790024135157,,,14.859716,-1.503888,1,20594.0,0.0,0.0,0.0,0.0,0.0,0.0,0.0,0.0103
KEY,,2025,,Financial Services,,,,,7285000000.0,,,23603593216,13.355828,0.6571883530482256,,,14.859716,-1.503888,1,,,,,,,,,
LMT,Lockheed Martin,2021,2022-01-25,Industrials,Industrials,Aerospace & Defense,control,HIGH,,,,122867359744,25.76886,,,,31.013293,-5.244432999999997,0,19367.0,0.0,0.0,0.0,0.0,0.0,0.0,0.0,0.0152
LMT,Lockheed Martin,2022,2023-01-26,Industrials,Industrials,Aerospace & Defense,control,HIGH,65984000000.0,,8348000000.0,122867359744,25.76886,,,0.126515518913676,29.1709795,-3.4021195000000013,0,19134.0,0.0,0.0,0.0,0.0,0.0,0.0,0.0,0.0152
LMT,Lockheed Martin,2023,2024-01-23,Industrials,Industrials,Aerospace & Defense,control,HIGH,67571000000.0,,8507000000.0,122867359744,25.76886,0.0240512851600387,,0.1258972044220153,29.1709795,-3.4021195000000013,1,15201.0,0.0,0.0,0.0,0.0,0.0,0.0,0.0,0.0152
LMT,Lockheed Martin,2024,2025-01-28,Industrials,Industrials,Aerospace & Defense,control,HIGH,71043000000.0,,7013000000.0,122867359744,25.76886,0.0513829897441209,,0.0987148628295539,29.1709795,-3.4021195000000013,1,15238.0,3.0,0.1969,1.0,0.0656,1.0,0.0656,1.0,0.0152
LMT,,2025,,Industrials,,,,,75048000000.0,,7731000000.0,122867359744,25.76886,0.0563743085173769,,0.1030140709945634,29.1709795,-3.4021195000000013,1,,,,,,,,,
MDT,Medtronic,2022,2023-06-22,Healthcare,Health Care,Health Care Equipment,treatment,HIGH,31686000000.0,2746000000.0,5908000000.0,99629465600,21.675978,,0.0866628795051442,0.1864545856214101,20.900101,0.7758770000000013,0,11093.0,7.0,0.631,0.0,0.0,1.0,0.0901,0.0,0.2404
MDT,Medtronic,2023,2024-06-20,Healthcare,Health Care,Health Care Equipment,treatment,HIGH,31227000000.0,2696000000.0,5830000000.0,99629465600,21.675978,-0.0144858928233289,0.0863355429596182,0.1866974092932398,20.900101,0.7758770000000013,1,10592.0,6.0,0.5665,0.0,0.0,0.0,0.0,0.0,0.2404
MDT,Medtronic,2024,2025-06-20,Healthcare,Health Care,Health Care Equipment,treatment,HIGH,32364000000.0,2735000000.0,5520000000.0,99629465600,21.675978,0.0364107983475838,0.0845074774440736,0.1705598813496477,20.900101,0.7758770000000013,1,9961.0,6.0,0.6023,0.0,0.0,0.0,0.0,0.0,0.2404
MDT,,2025,,Healthcare,,,,,33537000000.0,2732000000.0,6540000000.0,99629465600,21.675978,0.0362439747868001,0.081462265557444,0.195008498076751,20.900101,0.7758770000000013,1,,,,,,,,,
META,Meta Platforms,2021,2022-02-03,Communication Services,Communication Services,Interactive Media & Services,treatment,HIGH,,,,1554378129408,22.275011,,,,29.184553,-6.909542000000002,0,9721.0,2.0,0.2057,2.0,0.2057,0.0,0.0,2.0,0.467
META,Meta Platforms,2022,2023-02-02,Communication Services,Communication Services,Interactive Media & Services,treatment,HIGH,116609000000.0,35338000000.0,28944000000.0,1554378129408,22.275011,,0.3030469346276874,0.248214117263676,29.332317,-7.0573060000000005,0,10738.0,5.0,0.4656,3.0,0.2794,2.0,0.1863,1.5,0.467
META,Meta Platforms,2023,2024-02-02,Communication Services,Communication Services,Interactive Media & Services,treatment,HIGH,134902000000.0,38483000000.0,46751000000.0,1554378129408,22.275011,0.1568746837722645,0.2852663414923426,0.3465552771641636,29.332317,-7.0573060000000005,1,9633.0,6.0,0.6229,4.0,0.4152,4.0,0.4152,1.0,0.467
META,Meta Platforms,2024,2025-01-30,Communication Services,Communication Services,Interactive Media & Services,treatment,HIGH,164501000000.0,43873000000.0,69380000000.0,1554378129408,22.275011,0.2194111280781605,0.2667035458751011,0.4217603540404009,29.332317,-7.0573060000000005,1,8606.0,6.0,0.6972,3.0,0.3486,4.0,0.4648,0.75,0.467
META,,2025,,Communication Services,,,,,200966000000.0,57372000000.0,83276000000.0,1554378129408,22.275011,0.2216703849824621,0.2854811261606441,0.4143785515957923,29.332317,-7.0573060000000005,1,,,,,,,,,
MMM,3M,2021,2022-02-09,Industrials,Industrials,Industrial Conglomerates,control,HIGH,,,,80337002496,29.678226,,,,31.013293,-1.335066999999999,0,4684.0,0.0,0.0,0.0,0.0,0.0,0.0,0.0,0.0153
MMM,3M,2022,2023-02-08,Industrials,Industrials,Industrial Conglomerates,control,HIGH,26161000000.0,1160000000.0,1916000000.0,80337002496,29.678226,,0.0443408126600665,0.0732387905661098,29.1709795,0.5072464999999973,0,1954.0,0.0,0.0,0.0,0.0,0.0,0.0,0.0,0.0153
MMM,3M,2023,2024-02-07,Industrials,Industrials,Industrial Conglomerates,control,HIGH,24610000000.0,1154000000.0,-10725000000.0,80337002496,29.678226,-0.0592867245135889,0.0468915075172694,-0.4357984559122308,29.1709795,0.5072464999999973,1,11688.0,0.0,0.0,0.0,0.0,0.0,0.0,0.0,0.0153
MMM,3M,2024,2025-02-05,Industrials,Industrials,Industrial Conglomerates,control,HIGH,24575000000.0,1085000000.0,4822000000.0,80337002496,29.678226,-0.00142218610321,0.0441505595116988,0.1962156663275686,29.1709795,0.5072464999999973,1,11391.0,0.0,0.0,0.0,0.0,0.0,0.0,0.0,0.0153
MMM,,2025,,Industrials,,,,,24948000000.0,1169000000.0,4791000000.0,80337002496,29.678226,0.0151780264496439,0.0468574635241301,0.192039442039442,29.1709795,0.5072464999999973,1,,,,,,,,,
MRNA,Moderna,2021,2022-02-25,Healthcare,Health Care,Biotechnology,treatment,HIGH,,,,18660857856,,,,,20.124224,,0,7800.0,0.0,0.0,0.0,0.0,0.0,0.0,0.0,0.1929
MRNA,Moderna,2022,2023-02-24,Healthcare,Health Care,Biotechnology,treatment,HIGH,18875000000.0,3295000000.0,9420000000.0,18660857856,,,0.174569536423841,0.4990728476821192,20.900101,,0,7491.0,0.0,0.0,0.0,0.0,0.0,0.0,0.0,0.1929
MRNA,Moderna,2023,2024-02-23,Healthcare,Health Care,Biotechnology,treatment,HIGH,6754000000.0,4845000000.0,-4239000000.0,18660857856,,-0.6421721854304636,0.7173526798933965,-0.6276280722534794,20.900101,,1,7797.0,0.0,0.0,0.0,0.0,0.0,0.0,0.0,0.1929
MRNA,Moderna,2024,2025-02-21,Healthcare,Health Care,Biotechnology,treatment,HIGH,3199000000.0,4543000000.0,-3945000000.0,18660857856,,-0.5263547527391176,1.4201312910284465,-1.23319787433573,20.900101,,1,7295.0,1.0,0.1371,1.0,0.1371,0.0,0.0,2.0,0.1929
MRNA,,2025,,Healthcare,,,,,1922000000.0,3132000000.0,-3074000000.0,18660857856,,-0.3991872460143795,1.6295525494276797,-1.599375650364204,20.900101,,1,,,,,,,,,
MSFT,Microsoft,2022,2022-07-28,Technology,Information Technology,Systems Software,treatment,HIGH,198270000000.0,24512000000.0,83383000000.0,3090451791872,24.74896,,0.123629394260352,0.4205527815604983,19.776415,4.972545,0,7707.0,1.0,0.1298,1.0,0.1298,0.0,0.0,2.0,2.1371
MSFT,Microsoft,2023,2023-07-27,Technology,Information Technology,Systems Software,treatment,HIGH,211915000000.0,27195000000.0,88523000000.0,3090451791872,24.74896,0.0688202955565642,0.1283297548545407,0.417728806361041,19.776415,4.972545,1,7754.0,2.0,0.2579,0.0,0.0,1.0,0.129,0.0,2.1371
MSFT,Microsoft,2024,2024-07-30,Technology,Information Technology,Systems Software,treatment,HIGH,245122000000.0,29510000000.0,109433000000.0,3090451791872,24.74896,0.1566996201307127,0.120389030768352,0.4464429957327371,19.776415,4.972545,1,7138.0,4.0,0.5604,1.0,0.1401,0.0,0.0,2.0,2.1371
MSFT,,2025,,Technology,,,,,281724000000.0,32488000000.0,128528000000.0,3090451791872,24.74896,0.1493215623240671,0.1153185387116468,0.4562195624085985,19.776415,4.972545,1,,,,,,,,,
NVDA,Nvidia,2022,2023-02-24,Technology,Information Technology,Semiconductors,treatment,HIGH,,,,5204124106752,32.903522,,,,19.776415,13.127107000000002,0,5502.0,9.0,1.6358,0.0,0.0,3.0,0.5453,0.0,2.7129
NVDA,Nvidia,2023,2024-02-21,Technology,Information Technology,Semiconductors,treatment,HIGH,26974000000.0,7339000000.0,5577000000.0,5204124106752,32.903522,,0.2720768147104619,0.206754652628457,19.776415,13.127107000000002,1,5754.0,17.0,2.9545,1.0,0.1738,8.0,1.3903,0.125,2.7129
NVDA,Nvidia,2024,2025-02-26,Technology,Information Technology,Semiconductors,treatment,HIGH,60922000000.0,8675000000.0,32972000000.0,5204124106752,32.903522,1.2585452658115224,0.1423951938544368,0.5412166376678376,19.776415,13.127107000000002,1,5421.0,16.0,2.9515,0.0,0.0,5.0,0.9223,0.0,2.7129
NVDA,,2025,,Technology,,,,,130497000000.0,12914000000.0,81453000000.0,5204124106752,32.903522,1.1420340763599357,0.0989601293516326,0.6241752683969747,19.776415,13.127107000000002,1,,,,,,,,,
NVDA,,2026,,Technology,,,,,215938000000.0,18497000000.0,130387000000.0,5204124106752,32.903522,0.6547353579009478,0.0856588465207605,0.6038168363141272,32.903522,0.0,1,,,,,,,,,
NWS,News Corp (Class B),2021,2021-08-10,Communication Services,Communication Services,Publishing,treatment,HIGH,,,,16348721152,37.911392,,,,29.184553,8.726838999999998,0,15401.0,0.0,0.0,0.0,0.0,0.0,0.0,0.0,0.3891
NWS,News Corp (Class B),2022,2022-08-12,Communication Services,Communication Services,Publishing,treatment,HIGH,10385000000.0,,981000000.0,16348721152,37.911392,,,0.0944631680308136,29.332317,8.579075,0,16367.0,0.0,0.0,0.0,0.0,0.0,0.0,0.0,0.3891
NWS,News Corp (Class B),2023,2023-08-15,Communication Services,Communication Services,Publishing,treatment,HIGH,8012000000.0,,674000000.0,16348721152,37.911392,-0.2285026480500722,,0.0841238142785821,29.332317,8.579075,1,15654.0,3.0,0.1916,3.0,0.1916,0.0,0.0,2.0,0.3891
NWS,News Corp (Class B),2024,2024-08-13,Communication Services,Communication Services,Publishing,treatment,HIGH,8252000000.0,,801000000.0,16348721152,37.911392,0.0299550673989017,,0.0970673776054289,29.332317,8.579075,1,13984.0,3.0,0.2145,3.0,0.2145,0.0,0.0,2.0,0.3891
NWS,,2025,,Communication Services,,,,,8452000000.0,,956000000.0,16348721152,37.911392,0.0242365487154629,,0.1131093232371036,29.332317,8.579075,1,,,,,,,,,
NWSA,News Corp (Class A),2021,2021-08-10,Communication Services,Communication Services,Publishing,treatment,HIGH,,,,14301719552,33.16456,,,,29.184553,3.980007000000001,0,15401.0,0.0,0.0,0.0,0.0,0.0,0.0,0.0,0.3891
NWSA,News Corp (Class A),2022,2022-08-12,Communication Services,Communication Services,Publishing,treatment,HIGH,10385000000.0,,981000000.0,14301719552,33.16456,,,0.0944631680308136,29.332317,3.832243000000002,0,16367.0,0.0,0.0,0.0,0.0,0.0,0.0,0.0,0.3891
NWSA,News Corp (Class A),2023,2023-08-15,Communication Services,Communication Services,Publishing,treatment,HIGH,8012000000.0,,674000000.0,14301719552,33.16456,-0.2285026480500722,,0.0841238142785821,29.332317,3.832243000000002,1,15654.0,3.0,0.1916,3.0,0.1916,0.0,0.0,2.0,0.3891
NWSA,News Corp (Class A),2024,2024-08-13,Communication Services,Communication Services,Publishing,treatment,HIGH,8252000000.0,,801000000.0,14301719552,33.16456,0.0299550673989017,,0.0970673776054289,29.332317,3.832243000000002,1,13984.0,3.0,0.2145,3.0,0.2145,0.0,0.0,2.0,0.3891
NWSA,,2025,,Communication Services,,,,,8452000000.0,,956000000.0,14301719552,33.16456,0.0242365487154629,,0.1131093232371036,29.332317,3.832243000000002,1,,,,,,,,,
NXPI,NXP Semiconductors,2021,2022-02-24,Technology,Information Technology,Semiconductors,control,HIGH,,,,83989553152,31.834452,,,,15.601779,16.232673,0,8513.0,0.0,0.0,0.0,0.0,0.0,0.0,0.0,0.019
NXPI,NXP Semiconductors,2022,2023-03-01,Technology,Information Technology,Semiconductors,control,HIGH,13205000000.0,2148000000.0,3794000000.0,83989553152,31.834452,,0.1626656569481257,0.2873154108292313,19.776415,12.058037,0,9174.0,0.0,0.0,0.0,0.0,0.0,0.0,0.0,0.019
NXPI,NXP Semiconductors,2023,2024-02-22,Technology,Information Technology,Semiconductors,control,HIGH,13276000000.0,2418000000.0,3676000000.0,83989553152,31.834452,0.0053767512305944,0.1821331726423621,0.2768906297077433,19.776415,12.058037,1,8230.0,0.0,0.0,0.0,0.0,0.0,0.0,0.0,0.019
NXPI,NXP Semiconductors,2024,2025-02-20,Technology,Information Technology,Semiconductors,control,HIGH,12614000000.0,2347000000.0,3472000000.0,83989553152,31.834452,-0.0498644169930702,0.1860631044870778,0.2752497225305216,19.776415,12.058037,1,8066.0,0.0,0.0,0.0,0.0,0.0,0.0,0.0,0.019
NXPI,,2025,,Technology,,,,,12269000000.0,2360000000.0,3035000000.0,83989553152,31.834452,-0.027350562866656,0.1923547151357078,0.2473714239139294,19.776415,12.058037,1,,,,,,,,,
PAYX,Paychex,2022,2022-07-15,Technology,Industrials,Human Resource & Employment Services,treatment,HIGH,4611700000.0,,1840000000.0,33965975552,20.927153,,,0.3989851898432248,19.776415,1.1507380000000005,0,6919.0,1.0,0.1445,0.0,0.0,0.0,0.0,0.0,0.2443
PAYX,Paychex,2023,2023-07-14,Technology,Industrials,Human Resource & Employment Services,treatment,HIGH,5007100000.0,,2033100000.0,33965975552,20.927153,0.0857384478608755,,0.4060434183459487,19.776415,1.1507380000000005,1,6251.0,0.0,0.0,0.0,0.0,0.0,0.0,0.0,0.2443
PAYX,Paychex,2024,2024-07-11,Technology,Industrials,Human Resource & Employment Services,treatment,HIGH,5278300000.0,,2174100000.0,33965975552,20.927153,0.0541630884144515,,0.4118939810166152,19.776415,1.1507380000000005,1,7190.0,2.0,0.2782,0.0,0.0,1.0,0.1391,0.0,0.2443
PAYX,,2025,,Technology,,,,,5571700000.0,,2207700000.0,33965975552,20.927153,0.0555860788511453,,0.3962345424197283,19.776415,1.1507380000000005,1,,,,,,,,,
PGR,Progressive Corporation,2021,2022-02-28,Financial Services,Financials,Property & Casualty Insurance,treatment,HIGH,,,,115988135936,10.110885,,,,14.6125775,-4.501692500000001,0,3043.0,0.0,0.0,0.0,0.0,0.0,0.0,0.0,0.3177
PGR,Progressive Corporation,2022,2023-02-27,Financial Services,Financials,Property & Casualty Insurance,treatment,LOW,49587000000.0,,,115988135936,10.110885,,,,14.859716,-4.748831000000001,0,31583.0,12.0,0.38,5.0,0.1583,2.0,0.0633,2.0,0.3177
PGR,Progressive Corporation,2023,2024-02-26,Financial Services,Financials,Property & Casualty Insurance,treatment,LOW,62083000000.0,,,115988135936,10.110885,0.2520015326597697,,,14.859716,-4.748831000000001,1,31968.0,13.0,0.4067,8.0,0.2503,0.0,0.0,2.0,0.3177
PGR,Progressive Corporation,2024,2025-03-03,Financial Services,Financials,Property & Casualty Insurance,treatment,LOW,75343000000.0,,,115988135936,10.110885,0.2135850393827618,,,14.859716,-4.748831000000001,1,30917.0,12.0,0.3881,7.0,0.2264,0.0,0.0,2.0,0.3177
PGR,,2025,,Financial Services,,,,,87637000000.0,,,115988135936,10.110885,0.1631737520406673,,,14.859716,-4.748831000000001,1,,,,,,,,,
QCOM,Qualcomm,2021,2021-11-03,Technology,Information Technology,Semiconductors,treatment,HIGH,,,,262256279552,26.7261,,,,15.601779,11.124320999999998,0,5455.0,1.0,0.1833,1.0,0.1833,1.0,0.1833,1.0,0.9939
QCOM,Qualcomm,2022,2022-11-02,Technology,Information Technology,Semiconductors,treatment,HIGH,44200000000.0,8194000000.0,15860000000.0,262256279552,26.7261,,0.1853846153846154,0.3588235294117647,19.776415,6.949684999999999,0,4777.0,0.0,0.0,0.0,0.0,0.0,0.0,0.0,0.9939
QCOM,Qualcomm,2023,2023-11-01,Technology,Information Technology,Semiconductors,treatment,HIGH,35820000000.0,8818000000.0,8650000000.0,262256279552,26.7261,-0.1895927601809954,0.2461753210496929,0.2414852037967615,19.776415,6.949684999999999,1,4387.0,0.0,0.0,0.0,0.0,0.0,0.0,0.0,0.9939
QCOM,Qualcomm,2024,2024-11-06,Technology,Information Technology,Semiconductors,treatment,HIGH,38962000000.0,8893000000.0,10253000000.0,262256279552,26.7261,0.087716359575656,0.2282480365484318,0.2631538422052256,19.776415,6.949684999999999,1,4312.0,1.0,0.2319,1.0,0.2319,1.0,0.2319,1.0,0.9939
QCOM,,2025,,Technology,,,,,44284000000.0,9042000000.0,12394000000.0,262256279552,26.7261,0.1365946306657768,0.2041820973715111,0.2798753500135489,19.776415,6.949684999999999,1,,,,,,,,,
RJF,Raymond James Financial,2021,2021-11-23,Financial Services,Financials,Investment Banking & Brokerage,control,HIGH,,,,29647558656,14.365439,,,,14.6125775,-0.2471385000000001,0,22268.0,0.0,0.0,0.0,0.0,0.0,0.0,0.0,0.0107
RJF,Raymond James Financial,2022,2022-11-22,Financial Services,Financials,Investment Banking & Brokerage,control,HIGH,10851000000.0,,,29647558656,14.365439,,,,14.859716,-0.4942770000000003,0,23131.0,0.0,0.0,0.0,0.0,0.0,0.0,0.0,0.0107
RJF,Raymond James Financial,2023,2023-11-21,Financial Services,Financials,Investment Banking & Brokerage,control,HIGH,11468000000.0,,,29647558656,14.365439,0.0568611187908949,,,14.859716,-0.4942770000000003,1,23103.0,0.0,0.0,0.0,0.0,0.0,0.0,0.0,0.0107
RJF,Raymond James Financial,2024,2024-11-26,Financial Services,Financials,Investment Banking & Brokerage,control,HIGH,12639000000.0,,,29647558656,14.365439,0.1021102197418903,,,14.859716,-0.4942770000000003,1,24553.0,0.0,0.0,0.0,0.0,0.0,0.0,0.0,0.0107
RJF,,2025,,Financial Services,,,,,13842000000.0,,,29647558656,14.365439,0.0951815808212674,,,14.859716,-0.4942770000000003,1,,,,,,,,,
RMD,ResMed,2021,2021-08-19,Healthcare,Health Care,Health Care Equipment,treatment,LOW,,,,30168825856,20.036608,,,,20.124224,-0.0876160000000005,0,1992.0,0.0,0.0,0.0,0.0,0.0,0.0,0.0,0.2336
RMD,ResMed,2022,2022-08-12,Healthcare,Health Care,Health Care Equipment,treatment,HIGH,3578127000.0,253575000.0,1002150000.0,30168825856,20.036608,,0.0708680826588882,0.280076699345775,20.900101,-0.8634929999999983,0,7064.0,0.0,0.0,0.0,0.0,0.0,0.0,0.0,0.2336
RMD,ResMed,2023,2023-08-11,Healthcare,Health Care,Health Care Equipment,treatment,HIGH,4222993000.0,287642000.0,1151997000.0,30168825856,20.036608,0.1802244582151499,0.0681133025794738,0.2727915959131355,20.900101,-0.8634929999999983,1,6306.0,0.0,0.0,0.0,0.0,0.0,0.0,0.0,0.2336
RMD,ResMed,2024,2024-08-09,Healthcare,Health Care,Health Care Equipment,treatment,HIGH,4685297000.0,307525000.0,1384121000.0,30168825856,20.036608,0.109473068034922,0.0656361805879115,0.2954179852419174,20.900101,-0.8634929999999983,1,6352.0,0.0,0.0,0.0,0.0,0.0,0.0,0.0,0.2336
RMD,,2025,,Healthcare,,,,,5146327000.0,331284000.0,1687394000.0,30168825856,20.036608,0.098399311719193,0.0643729012944571,0.3278831679370549,20.900101,-0.8634929999999983,1,,,,,,,,,
RTX,RTX Corporation,2021,2022-02-11,Industrials,Industrials,Aerospace & Defense,control,HIGH,,,,241015930880,33.57786,,,,31.013293,2.564567000000004,0,19049.0,0.0,0.0,0.0,0.0,0.0,0.0,0.0,0.0127
RTX,RTX Corporation,2022,2023-02-07,Industrials,Industrials,Aerospace & Defense,control,HIGH,67074000000.0,2711000000.0,5504000000.0,241015930880,33.57786,,0.0404180457405253,0.0820586218206756,29.1709795,4.4068805,0,18312.0,0.0,0.0,0.0,0.0,0.0,0.0,0.0,0.0127
RTX,RTX Corporation,2023,2024-02-05,Industrials,Industrials,Aerospace & Defense,control,HIGH,68920000000.0,2805000000.0,3561000000.0,241015930880,33.57786,0.0275218415481408,0.0406993615786419,0.0516686012768427,29.1709795,4.4068805,1,17259.0,0.0,0.0,0.0,0.0,0.0,0.0,0.0,0.0127
RTX,RTX Corporation,2024,2025-02-03,Industrials,Industrials,Aerospace & Defense,control,HIGH,80738000000.0,2934000000.0,6538000000.0,241015930880,33.57786,0.1714741729541498,0.0363397656617701,0.0809779781515519,29.1709795,4.4068805,1,18952.0,0.0,0.0,0.0,0.0,0.0,0.0,0.0,0.0127
RTX,,2025,,Industrials,,,,,88603000000.0,2807000000.0,9300000000.0,241015930880,33.57786,0.0974138571676286,0.0316806428676229,0.1049625859169554,29.1709795,4.4068805,1,,,,,,,,,
SLB,Schlumberger,2021,2022-01-26,Energy,Energy,Oil & Gas Equipment & Services,middle,HIGH,,,,86683443200,25.541851,,,,22.007812,3.534039,0,5355.0,0.0,0.0,0.0,0.0,0.0,0.0,0.0,0.0653
SLB,Schlumberger,2022,2023-01-25,Energy,Energy,Oil & Gas Equipment & Services,middle,HIGH,28091000000.0,634000000.0,4151000000.0,86683443200,25.541851,,0.0225695062475525,0.1477697483179666,22.007812,3.534039,0,5487.0,0.0,0.0,0.0,0.0,0.0,0.0,0.0,0.0653
SLB,Schlumberger,2023,2024-01-24,Energy,Energy,Oil & Gas Equipment & Services,middle,HIGH,33135000000.0,711000000.0,5488000000.0,86683443200,25.541851,0.1795592894521376,0.0214576731552738,0.1656254715557567,22.007812,3.534039,1,5212.0,2.0,0.3837,0.0,0.0,0.0,0.0,0.0,0.0653
SLB,Schlumberger,2024,2025-01-22,Energy,Energy,Oil & Gas Equipment & Services,middle,HIGH,36289000000.0,749000000.0,6326000000.0,86683443200,25.541851,0.0951863588350687,0.0206398633194631,0.1743227975419548,22.007812,3.534039,1,4721.0,2.0,0.4236,0.0,0.0,2.0,0.4236,0.0,0.0653
SLB,,2025,,Energy,,,,,35708000000.0,709000000.0,5458000000.0,86683443200,25.541851,-0.0160103612664994,0.0198554945670438,0.1528509017587095,22.007812,3.534039,1,,,,,,,,,
SWK,Stanley Black & Decker,2021,2022-02-22,Industrials,Industrials,Industrial Machinery & Supplies & Components,control,HIGH,,,,12270107648,32.34836,,,,31.013293,1.3350670000000022,0,14951.0,2.0,0.1338,0.0,0.0,0.0,0.0,0.0,0.0159
SWK,Stanley Black & Decker,2022,2023-02-23,Industrials,Industrials,Industrial Machinery & Supplies & Components,control,HIGH,16947400000.0,,914100000.0,12270107648,32.34836,,,0.0539374771351357,29.1709795,3.177380499999998,0,13401.0,0.0,0.0,0.0,0.0,0.0,0.0,0.0,0.0159
SWK,Stanley Black & Decker,2023,2024-02-27,Industrials,Industrials,Industrial Machinery & Supplies & Components,control,HIGH,15781100000.0,,641900000.0,12270107648,32.34836,-0.0688188158655604,,0.040675238101273,29.1709795,3.177380499999998,1,13458.0,0.0,0.0,0.0,0.0,0.0,0.0,0.0,0.0159
SWK,Stanley Black & Decker,2024,2025-02-18,Industrials,Industrials,Industrial Machinery & Supplies & Components,control,HIGH,15365700000.0,,1181700000.0,12270107648,32.34836,-0.0263226264328848,,0.0769050547648333,29.1709795,3.177380499999998,1,13194.0,0.0,0.0,0.0,0.0,0.0,0.0,0.0,0.0159
SWK,,2025,,Industrials,,,,,15130400000.0,,1255400000.0,12270107648,32.34836,-0.0153133277364519,,0.0829720298207582,29.1709795,3.177380499999998,1,,,,,,,,,
TKO,TKO Group Holdings,2021,,Communication Services,Communication Services,Movies & Entertainment,control,FAILED,,,,14100669440,69.92193,,,,29.184553,40.737377,0,,,,,,,,,0.0206
TKO,TKO Group Holdings,2022,,Communication Services,Communication Services,Movies & Entertainment,control,FAILED,1140147000.0,,544387000.0,14100669440,69.92193,,,0.4774708875259068,29.332317,40.589613,0,,,,,,,,,0.0206
TKO,TKO Group Holdings,2023,2024-02-27,Communication Services,Communication Services,Movies & Entertainment,control,HIGH,3224796000.0,,397309000.0,14100669440,69.92193,1.8284037058379317,,0.123204382540787,29.332317,40.589613,1,8547.0,0.0,0.0,0.0,0.0,0.0,0.0,0.0,0.0206
TKO,TKO Group Holdings,2024,2025-02-26,Communication Services,Communication Services,Movies & Entertainment,control,HIGH,4884241000.0,,30946000.0,14100669440,69.92193,0.5145891399021829,,0.0063358871931176,29.332317,40.589613,1,8767.0,0.0,0.0,0.0,0.0,0.0,0.0,0.0,0.0206
TKO,,2025,,Communication Services,,,,,4735151000.0,,835015000.0,14100669440,69.92193,-0.0305247017909231,,0.1763439011765411,29.332317,40.589613,1,,,,,,,,,
TRMB,Trimble Inc.,2021,2022-02-23,Technology,Information Technology,Application Software,control,HIGH,,,,13133503488,29.497383,,,,15.601779,13.895604,0,5663.0,0.0,0.0,0.0,0.0,0.0,0.0,0.0,0.0451
TRMB,Trimble Inc.,2022,2023-02-17,Technology,Information Technology,Application Software,control,HIGH,3676300000.0,542100000.0,541100000.0,13133503488,29.497383,,0.1474580420531512,0.1471860294317656,19.776415,9.720968,0,6676.0,0.0,0.0,0.0,0.0,0.0,0.0,0.0,0.0451
TRMB,Trimble Inc.,2023,2024-02-26,Technology,Information Technology,Application Software,control,HIGH,3798700000.0,664300000.0,494400000.0,13133503488,29.497383,0.0332943448576013,0.1748756153420907,0.1301497880853976,19.776415,9.720968,1,6149.0,0.0,0.0,0.0,0.0,0.0,0.0,0.0,0.0451
TRMB,Trimble Inc.,2024,2025-04-25,Technology,Information Technology,Application Software,control,HIGH,3683300000.0,662300000.0,476600000.0,13133503488,29.497383,-0.0303788138047226,0.179811582005267,0.1293948361523633,19.776415,9.720968,1,6007.0,0.0,0.0,0.0,0.0,0.0,0.0,0.0,0.0451
TRMB,,2025,,Technology,,,,,3587300000.0,630700000.0,611300000.0,13133503488,29.497383,-0.0260635842858306,0.1758146795640175,0.1704067125693418,19.776415,9.720968,1,,,,,,,,,
TTD,Trade Desk (The),2021,2022-02-16,Communication Services,Communication Services,Advertising,middle,HIGH,,,,10427002880,25.204546,,,,29.184553,-3.980007000000001,0,6299.0,0.0,0.0,0.0,0.0,0.0,0.0,0.0,0.0589
TTD,Trade Desk (The),2022,2023-02-15,Communication Services,Communication Services,Advertising,middle,HIGH,1577795000.0,319876000.0,113654000.0,10427002880,25.204546,,0.202736096894717,0.0720334390716157,29.332317,-4.127770999999999,0,6552.0,0.0,0.0,0.0,0.0,0.0,0.0,0.0,0.0589
TTD,Trade Desk (The),2023,2024-02-15,Communication Services,Communication Services,Advertising,middle,HIGH,1946120000.0,411794000.0,200480000.0,10427002880,25.204546,0.2334428743911598,0.2115974348961009,0.1030152303044005,29.332317,-4.127770999999999,1,7240.0,0.0,0.0,0.0,0.0,0.0,0.0,0.0,0.0589
TTD,Trade Desk (The),2024,2025-02-21,Communication Services,Communication Services,Advertising,middle,HIGH,2444831000.0,463319000.0,427167000.0,10427002880,25.204546,0.2562591207119808,0.1895096225465073,0.1747225063818317,29.332317,-4.127770999999999,1,7784.0,0.0,0.0,0.0,0.0,0.0,0.0,0.0,0.0589
TTD,,2025,,Communication Services,,,,,2896284000.0,525141000.0,589321000.0,10427002880,25.204546,0.1846561173348997,0.181315437298276,0.2034748664150338,29.332317,-4.127770999999999,1,,,,,,,,,
V,Visa Inc.,2022,2022-11-16,Financial Services,Financials,Transaction & Payment Processing Services,treatment,HIGH,29310000000.0,,19681000000.0,620881313792,28.488657,,,0.6714773114977823,14.859716,13.628941,0,7047.0,0.0,0.0,0.0,0.0,0.0,0.0,0.0,0.4187
V,Visa Inc.,2023,2023-11-15,Financial Services,Financials,Transaction & Payment Processing Services,treatment,HIGH,32653000000.0,,21927000000.0,620881313792,28.488657,0.1140566359604231,,0.6715156340918139,14.859716,13.628941,1,5887.0,0.0,0.0,0.0,0.0,0.0,0.0,0.0,0.4187
V,Visa Inc.,2024,2024-11-13,Financial Services,Financials,Transaction & Payment Processing Services,treatment,HIGH,35926000000.0,,24057000000.0,620881313792,28.488657,0.1002358129421492,,0.6696264543784446,14.859716,13.628941,1,6437.0,1.0,0.1554,1.0,0.1554,0.0,0.0,2.0,0.4187
V,,2025,,Financial Services,,,,,40000000000.0,,26556000000.0,620881313792,28.488657,0.113399766186049,,0.6639,14.859716,13.628941,1,,,,,,,,,
VZ,Verizon,2022,2023-02-10,Communication Services,Communication Services,Integrated Telecommunication Services,control,HIGH,136835000000.0,,30467000000.0,202472865792,11.82683,,,0.2226550224723207,29.332317,-17.505487000000002,0,17809.0,0.0,0.0,0.0,0.0,0.0,0.0,0.0,0.0157
VZ,Verizon,2023,2024-02-09,Communication Services,Communication Services,Integrated Telecommunication Services,control,HIGH,133974000000.0,,28718000000.0,202472865792,11.82683,-0.0209083933204223,,0.2143550241091555,29.332317,-17.505487000000002,1,16112.0,0.0,0.0,0.0,0.0,0.0,0.0,0.0,0.0157
VZ,Verizon,2024,2025-02-12,Communication Services,Communication Services,Integrated Telecommunication Services,control,HIGH,134788000000.0,,28686000000.0,202472865792,11.82683,0.0060758057533552,,0.2128230999792266,29.332317,-17.505487000000002,1,16059.0,1.0,0.0623,1.0,0.0623,1.0,0.0623,1.0,0.0157
VZ,,2025,,Communication Services,,,,,138191000000.0,,29259000000.0,202472865792,11.82683,0.0252470546339436,,0.2117286943433364,29.332317,-17.505487000000002,1,,,,,,,,,
WDC,Western Digital,2022,2022-08-25,Technology,Information Technology,"Technology Hardware, Storage & Peripherals",control,HIGH,18793000000.0,2323000000.0,2434000000.0,180837498880,31.453838,,0.1236098547331453,0.1295163092640877,19.776415,11.677423,0,7147.0,0.0,0.0,0.0,0.0,0.0,0.0,0.0,0.0192
WDC,Western Digital,2023,2023-08-22,Technology,Information Technology,"Technology Hardware, Storage & Peripherals",control,HIGH,6255000000.0,986000000.0,-402000000.0,180837498880,31.453838,-0.6671633054860853,0.1576338928856914,-0.0642685851318944,19.776415,11.677423,1,7116.0,0.0,0.0,0.0,0.0,0.0,0.0,0.0,0.0192
WDC,Western Digital,2024,2024-08-20,Technology,Information Technology,"Technology Hardware, Storage & Peripherals",control,HIGH,6317000000.0,950000000.0,97000000.0,180837498880,31.453838,0.0099120703437249,0.15038784233022,0.0153553902168751,19.776415,11.677423,1,8201.0,0.0,0.0,0.0,0.0,0.0,0.0,0.0,0.0192
WDC,,2025,,Technology,,,,,9520000000.0,994000000.0,2130000000.0,180837498880,31.453838,0.5070444831407313,0.1044117647058823,0.2237394957983193,19.776415,11.677423,1,,,,,,,,,
